field_id,filename,source_url,bytes,sha256,filter,target,proposal_id,date_obs
m81_deep,j9ra58tpq_flc.fits,https://mast.stsci.edu/api/v0.1/Download/file?uri=mast:HST/product/j9ra58tpq_flc.fits,168215040,88b11682f4befe07e580c2d2f7b5f8ac32a4d73d529553e43527453372d447a9,F606W,M81-DEEP,10915,2006-11-17
m81_deep,j9ra60o9q_flc.fits,https://mast.stsci.edu/api/v0.1/Download/file?uri=mast:HST/product/j9ra60o9q_flc.fits,168215040,f2d027f7173c3a6554d41aa164ad96c1dbade4c6bfda954d639f1d289be8f268,F606W,M81-DEEP,10915,2006-11-16
m81_deep,j9ra61ojq_flc.fits,https://mast.stsci.edu/api/v0.1/Download/file?uri=mast:HST/product/j9ra61ojq_flc.fits,168215040,457eb1e87d20621bc2f1525e286dcc66a3813599173f10de0119811edacc816d,F606W,M81-DEEP,10915,2006-11-16
m81_deep,j9ra62wvq_flc.fits,https://mast.stsci.edu/api/v0.1/Download/file?uri=mast:HST/product/j9ra62wvq_flc.fits,168215040,e6dfb746c8aa8e53cb11b6d1b19e27b7c7588069ab82de6ae6a1d586f3119120,F606W,M81-DEEP,10915,2006-11-18
m81_deep,j9ra63wzq_flc.fits,https://mast.stsci.edu/api/v0.1/Download/file?uri=mast:HST/product/j9ra63wzq_flc.fits,168215040,78e12558c5db704b77ef02bbf79b3816ffb60d3418028eda3fd4d0f4fcc068f9,F606W,M81-DEEP,10915,2006-11-18
m81_deep,j9ra64n7q_flc.fits,https://mast.stsci.edu/api/v0.1/Download/file?uri=mast:HST/product/j9ra64n7q_flc.fits,168215040,620c964cb1a8039372a0378cb83160bb12bd327f5d68c6b0221c2b553a2abc85,F606W,M81-DEEP,10915,2006-11-22
m81_deep,j9ra65dtq_flc.fits,https://mast.stsci.edu/api/v0.1/Download/file?uri=mast:HST/product/j9ra65dtq_flc.fits,168215040,f05eb9571bfe8da6951da1608bd90bda8018a989629bfb0e216d6c74058950bb,F606W,M81-DEEP,10915,2006-11-20
m81_deep,j9ra66ebq_flc.fits,https://mast.stsci.edu/api/v0.1/Download/file?uri=mast:HST/product/j9ra66ebq_flc.fits,168215040,624ca424446d77ce3ba5229eeaf1d44fff3b177f09997010929a7e3d5ad98f04,F606W,M81-DEEP,10915,2006-11-20
ngc2976_deep,j9ra48eeq_flc.fits,https://mast.stsci.edu/api/v0.1/Download/file?uri=mast:HST/product/j9ra48eeq_flc.fits,168215040,38c3fd91417e00feaff4729b3a018a159988de3432b8671911eb7b83f09ecce8,F606W,NGC2976-DEEP,10915,2007-01-08
ngc2976_deep,j9ra50eiq_flc.fits,https://mast.stsci.edu/api/v0.1/Download/file?uri=mast:HST/product/j9ra50eiq_flc.fits,168215040,2dabeeb4f001f6e21e8a09ab651764b297502b1dcf6a35c4bb9c44628c3d966d,F606W,NGC2976-DEEP,10915,2007-01-08
ngc2976_deep,j9ra51whq_flc.fits,https://mast.stsci.edu/api/v0.1/Download/file?uri=mast:HST/product/j9ra51whq_flc.fits,168215040,0a2be0ec344d933c67d2a46b7517531e9f1ba3085fc1b0c0ed2e41252bae2303,F606W,NGC2976-DEEP,10915,2006-12-29
ngc2976_deep,j9ra52wlq_flc.fits,https://mast.stsci.edu/api/v0.1/Download/file?uri=mast:HST/product/j9ra52wlq_flc.fits,168215040,5b1b9e0292dc31a19d293d2db58c11e060160729619bb9411ab0d96723656cab,F606W,NGC2976-DEEP,10915,2006-12-29
ngc2976_deep,j9ra53ivq_flc.fits,https://mast.stsci.edu/api/v0.1/Download/file?uri=mast:HST/product/j9ra53ivq_flc.fits,168215040,19e392c535cf6c57b876b9c61169a9c136b6317136e48112ee448103c8e2ce7d,F606W,NGC2976-DEEP,10915,2007-01-09
ngc2976_deep,j9ra54m3q_flc.fits,https://mast.stsci.edu/api/v0.1/Download/file?uri=mast:HST/product/j9ra54m3q_flc.fits,168215040,36b7417fe78453f1e03f8097904308e20830a4f0a419b16dbff5678f60c80233,F606W,NGC2976-DEEP,10915,2007-01-10
ngc2976_deep,j9ra49nsq_flc.fits,https://mast.stsci.edu/api/v0.1/Download/file?uri=mast:HST/product/j9ra49nsq_flc.fits,168266880,563e4d3a089ec91ad1cbf62aa6455834d345e36cc36d00534286bd96c4ce2c45,F606W,NGC2976-DEEP,10915,2006-12-27
ngc2976_deep,j9ra49ntq_flc.fits,https://mast.stsci.edu/api/v0.1/Download/file?uri=mast:HST/product/j9ra49ntq_flc.fits,168266880,ab9c9234db4a0ad4221d231a2805fa9213ab60cc3d50e20da997ee2c6cd61766,F606W,NGC2976-DEEP,10915,2006-12-27
gr8,j9ra0hfqq_flc.fits,https://mast.stsci.edu/api/v0.1/Download/file?uri=mast:HST/product/j9ra0hfqq_flc.fits,168503040,d37355609eccd4130dfde764a32301b0175595b328486d097ea069411d99dd91,F475W,GR8,10915,2006-12-05
gr8,j9ra0hfrq_flc.fits,https://mast.stsci.edu/api/v0.1/Download/file?uri=mast:HST/product/j9ra0hfrq_flc.fits,168503040,42ef3d27db48bca1527a033ab92daa8566bba97a3bbfe3061e87ff2c27b18fca,F475W,GR8,10915,2006-12-05
gr8,j9ra0hftq_flc.fits,https://mast.stsci.edu/api/v0.1/Download/file?uri=mast:HST/product/j9ra0hftq_flc.fits,167952960,522c67af5a5735ec5d7c9b2f55bf06622f9026b8f5bb89c6b475b0110fa694b4,F475W,GR8,10915,2006-12-05
gr8,j9ra0iclq_flc.fits,https://mast.stsci.edu/api/v0.1/Download/file?uri=mast:HST/product/j9ra0iclq_flc.fits,168448320,e5687e216e7b0107a4b1e6985891343edfcf0c88c69e7530b3b215468b34ca9b,F475W,GR8,10915,2006-12-18
gr8,j9ra0icmq_flc.fits,https://mast.stsci.edu/api/v0.1/Download/file?uri=mast:HST/product/j9ra0icmq_flc.fits,168448320,e861916c49626860b90a6a8607fce9e982f6333989603161a5b5cbd41246dd5b,F475W,GR8,10915,2006-12-18
gr8,j9ra0icoq_flc.fits,https://mast.stsci.edu/api/v0.1/Download/file?uri=mast:HST/product/j9ra0icoq_flc.fits,168448320,408beb0f6bd53e5bc47a4fadd6ae650988e3b2b60d15c3227c339b99ae521b09,F475W,GR8,10915,2006-12-18
gr8,j9ra1rktq_flc.fits,https://mast.stsci.edu/api/v0.1/Download/file?uri=mast:HST/product/j9ra1rktq_flc.fits,168448320,53d29a3db0a5ff38cffcddabc9a62e6d30bb2498dc3c4c023fa7eca960f97d0f,F475W,GR8,10915,2007-01-03
gr8,j9ra1rkuq_flc.fits,https://mast.stsci.edu/api/v0.1/Download/file?uri=mast:HST/product/j9ra1rkuq_flc.fits,168448320,ab7df58234dc6904deb0bcb2d6e14c6f54ae066aa51cd90d48700006d299ddfd,F475W,GR8,10915,2007-01-03
ngc2070_1,jby001qyq_flc.fits,https://mast.stsci.edu/api/v0.1/Download/file?uri=mast:HST/product/jby001qyq_flc.fits,168448320,7a6ca6eecdce49df54dc45fd2fac50825aff3647b92569d94f59d08508d20041,F555W,NGC-2070,12939,2013-09-17
ngc2070_1,jby001r0q_flc.fits,https://mast.stsci.edu/api/v0.1/Download/file?uri=mast:HST/product/jby001r0q_flc.fits,168448320,84c141dfe6d7ccacb1c48e87a48c425450ed6e17aa798653dd634cc9384b3c63,F555W,NGC-2070,12939,2013-09-17
ngc2070_1,jby001r4q_flc.fits,https://mast.stsci.edu/api/v0.1/Download/file?uri=mast:HST/product/jby001r4q_flc.fits,168448320,5eb8638b192645b59fcc299d5734123347a1f345ca4bb1c6b3df3929e1282358,F555W,NGC-2070,12939,2013-09-17
ngc2070_1,jby001r8q_flc.fits,https://mast.stsci.edu/api/v0.1/Download/file?uri=mast:HST/product/jby001r8q_flc.fits,168448320,09962ca2fe370748f5e1e03cf8a30351ca2bd7386022cd8d30b5d02cfa0a74e4,F555W,NGC-2070,12939,2013-09-17
ngc2070_1,jby001rcq_flc.fits,https://mast.stsci.edu/api/v0.1/Download/file?uri=mast:HST/product/jby001rcq_flc.fits,168448320,98d8ce703df573007b3d81da22bd1010baabf3cf146d54b9b664b3253e95049d,F555W,NGC-2070,12939,2013-09-17
ngc2070_2,jby013hsq_flc.fits,https://mast.stsci.edu/api/v0.1/Download/file?uri=mast:HST/product/jby013hsq_flc.fits,168448320,825a2d927df702e102ec70c8859888d8b5734f1338da7264355868deb72857a9,F555W,NGC-2070-2,12939,2013-04-06
ngc2070_2,jby013huq_flc.fits,https://mast.stsci.edu/api/v0.1/Download/file?uri=mast:HST/product/jby013huq_flc.fits,168448320,19d7b9276f4f3400aceb3d9841533fd827dd04ebf15812bc160be32e26bb86d8,F555W,NGC-2070-2,12939,2013-04-06
ngc2070_2,jby013hyq_flc.fits,https://mast.stsci.edu/api/v0.1/Download/file?uri=mast:HST/product/jby013hyq_flc.fits,168448320,afa03b59e0671ce585f2b3b49bc44a9d85daf4a14100466bea4697cf376ea8d2,F555W,NGC-2070-2,12939,2013-04-06
ngc2070_2,jby013i2q_flc.fits,https://mast.stsci.edu/api/v0.1/Download/file?uri=mast:HST/product/jby013i2q_flc.fits,168448320,49bdc90e20ae186210bf68a2db234857498bcfce59d1b9f54aa3f2300572d481,F555W,NGC-2070-2,12939,2013-04-06
ngc2070_2,jby013itq_flc.fits,https://mast.stsci.edu/api/v0.1/Download/file?uri=mast:HST/product/jby013itq_flc.fits,168448320,b4b84acd99e51d4ce06cf1e40528a7b78688794afa892bef004ecf8507ceddb4,F555W,NGC-2070-2,12939,2013-04-06
m31_b21_f15,jbex18tzq_flc.fits,https://mast.stsci.edu/api/v0.1/Download/file?uri=mast:HST/product/jbex18tzq_flc.fits,168448320,78caafa82be4ef13ec6b1e96fdc029012dd4ad1c8744c3b379b7e67d795d2b37,F475W,M31-B21-F15-WFC,12055,2010-07-28
m31_b21_f15,jbex18u2q_flc.fits,https://mast.stsci.edu/api/v0.1/Download/file?uri=mast:HST/product/jbex18u2q_flc.fits,168448320,a53b4d3e84a06e86c67f5cf5e2d1f2bb15d0e4915e0a79bb41158c5d656aaecc,F475W,M31-B21-F15-WFC,12055,2010-07-28
m31_b21_f15,jbex18u6q_flc.fits,https://mast.stsci.edu/api/v0.1/Download/file?uri=mast:HST/product/jbex18u6q_flc.fits,168448320,f94b11cb253f67c6709752e82d34e5d6d61cb2cedce2897e9b0a546554837573,F475W,M31-B21-F15-WFC,12055,2010-07-28
m31_b21_f15,jbex18u9q_flc.fits,https://mast.stsci.edu/api/v0.1/Download/file?uri=mast:HST/product/jbex18u9q_flc.fits,168448320,84b616249ca4f86536cc12c6a3396f3997b759f26051b4abcfeffe8b6eaa236e,F475W,M31-B21-F15-WFC,12055,2010-07-28
m31_b21_f15,jbex18ucq_flc.fits,https://mast.stsci.edu/api/v0.1/Download/file?uri=mast:HST/product/jbex18ucq_flc.fits,168448320,25b8b302b1ff3e41479edba0f19f2a0f9eaf2978eefad2cefe7c7940f09c014c,F475W,M31-B21-F15-WFC,12055,2010-07-28
