evidence_tier,field,method_id,method,method_group,status,protocol,source,test_references,recovery_metric,recovery_percent,high_density_v20_recall_percent,high_density_v20_n,astrometric_rms_mas,photometric_rms_mag,runtime_s,runtime_s_per_mpix,note
HST/ACS single-F606W controlled,ngc2808,dao,DAOStarFinder,single-image baseline,complete,central 1200x1200 crop; held-out spatial test partition; 2-pixel one-to-one association,results/acsggct_all11_baselines/hst_unified_baseline_summary.json,6485,held_out_catalogue_recovery,9.252,9.201,2978,50.3380,1.64059,0.178,0.123,Image-only fitting; the reference catalogue is used only for held-out evaluation/calibration.
HST/ACS single-F606W controlled,ngc2808,sep,SEP/SExtractor-style,single-image baseline,complete,central 1200x1200 crop; held-out spatial test partition; 2-pixel one-to-one association,results/acsggct_all11_baselines/hst_unified_baseline_summary.json,6485,held_out_catalogue_recovery,7.494,6.985,2978,50.9254,1.88605,6.858,4.762,Image-only fitting; the reference catalogue is used only for held-out evaluation/calibration.
HST/ACS single-F606W controlled,ngc2808,photutils_psf,Photutils PSFPhotometry,single-image baseline,complete,central 1200x1200 crop; held-out spatial test partition; 2-pixel one-to-one association,results/acsggct_all11_baselines/hst_unified_baseline_summary.json,6485,held_out_catalogue_recovery,9.160,9.167,2978,50.2091,1.58422,30.637,21.276,Image-only fitting; the reference catalogue is used only for held-out evaluation/calibration.
HST/ACS single-F606W controlled,ngc2808,astrocfr_epsf_deblend,AstroCFR ePSF + residual deblend,v45 branch,complete,central 1200x1200 crop; held-out spatial test partition; 2-pixel one-to-one association,results/acsggct_all11_baselines/hst_unified_baseline_summary.json,6485,held_out_catalogue_recovery,11.365,11.518,2978,50.4662,1.66008,107.677,74.776,Image-only fitting; the reference catalogue is used only for held-out evaluation/calibration.
HST/ACS single-F606W controlled,ngc2808,astrocfr_spatial_epsf_joint,AstroCFR spatial-ePSF joint,v45 branch,complete,central 1200x1200 crop; held-out spatial test partition; 2-pixel one-to-one association,results/acsggct_all11_baselines/hst_unified_baseline_summary.json,6485,held_out_catalogue_recovery,10.501,10.779,2978,50.1501,1.68193,121.309,84.242,Image-only fitting; the reference catalogue is used only for held-out evaluation/calibration.
HST/ACS single-F606W controlled,ngc5286,dao,DAOStarFinder,single-image baseline,complete,central 1200x1200 crop; held-out spatial test partition; 2-pixel one-to-one association,results/acsggct_all11_baselines/hst_unified_baseline_summary.json,6322,held_out_catalogue_recovery,17.827,43.534,1330,2.4600,0.17300,0.150,0.104,Image-only fitting; the reference catalogue is used only for held-out evaluation/calibration.
HST/ACS single-F606W controlled,ngc5286,sep,SEP/SExtractor-style,single-image baseline,complete,central 1200x1200 crop; held-out spatial test partition; 2-pixel one-to-one association,results/acsggct_all11_baselines/hst_unified_baseline_summary.json,6322,held_out_catalogue_recovery,42.676,58.571,1330,9.0357,0.31754,12.187,8.463,Image-only fitting; the reference catalogue is used only for held-out evaluation/calibration.
HST/ACS single-F606W controlled,ngc5286,photutils_psf,Photutils PSFPhotometry,single-image baseline,complete,central 1200x1200 crop; held-out spatial test partition; 2-pixel one-to-one association,results/acsggct_all11_baselines/hst_unified_baseline_summary.json,6322,held_out_catalogue_recovery,17.684,43.459,1330,6.7972,0.18160,10.851,7.535,Image-only fitting; the reference catalogue is used only for held-out evaluation/calibration.
HST/ACS single-F606W controlled,ngc5286,astrocfr_epsf_deblend,AstroCFR ePSF + residual deblend,v45 branch,complete,central 1200x1200 crop; held-out spatial test partition; 2-pixel one-to-one association,results/acsggct_all11_baselines/hst_unified_baseline_summary.json,6322,held_out_catalogue_recovery,29.215,59.549,1330,7.2213,0.11451,33.646,23.365,Image-only fitting; the reference catalogue is used only for held-out evaluation/calibration.
HST/ACS single-F606W controlled,ngc5286,astrocfr_spatial_epsf_joint,AstroCFR spatial-ePSF joint,v45 branch,complete,central 1200x1200 crop; held-out spatial test partition; 2-pixel one-to-one association,results/acsggct_all11_baselines/hst_unified_baseline_summary.json,6322,held_out_catalogue_recovery,51.155,90.977,1330,3.7495,0.11353,97.914,67.996,Image-only fitting; the reference catalogue is used only for held-out evaluation/calibration.
HST/ACS single-F606W controlled,ngc6388,dao,DAOStarFinder,single-image baseline,complete,central 1200x1200 crop; held-out spatial test partition; 2-pixel one-to-one association,results/acsggct_all11_baselines/hst_unified_baseline_summary.json,6939,held_out_catalogue_recovery,47.874,77.419,1519,5.1971,0.20904,0.201,0.139,Image-only fitting; the reference catalogue is used only for held-out evaluation/calibration.
HST/ACS single-F606W controlled,ngc6388,sep,SEP/SExtractor-style,single-image baseline,complete,central 1200x1200 crop; held-out spatial test partition; 2-pixel one-to-one association,results/acsggct_all11_baselines/hst_unified_baseline_summary.json,6939,held_out_catalogue_recovery,32.872,72.614,1519,15.8252,0.36925,9.052,6.286,Image-only fitting; the reference catalogue is used only for held-out evaluation/calibration.
HST/ACS single-F606W controlled,ngc6388,photutils_psf,Photutils PSFPhotometry,single-image baseline,complete,central 1200x1200 crop; held-out spatial test partition; 2-pixel one-to-one association,results/acsggct_all11_baselines/hst_unified_baseline_summary.json,6939,held_out_catalogue_recovery,47.918,77.485,1519,4.4685,0.11553,36.437,25.303,Image-only fitting; the reference catalogue is used only for held-out evaluation/calibration.
HST/ACS single-F606W controlled,ngc6388,astrocfr_epsf_deblend,AstroCFR ePSF + residual deblend,v45 branch,complete,central 1200x1200 crop; held-out spatial test partition; 2-pixel one-to-one association,results/acsggct_all11_baselines/hst_unified_baseline_summary.json,6939,held_out_catalogue_recovery,53.696,82.028,1519,5.4335,0.16835,108.733,75.509,Image-only fitting; the reference catalogue is used only for held-out evaluation/calibration.
HST/ACS single-F606W controlled,ngc6388,astrocfr_spatial_epsf_joint,AstroCFR spatial-ePSF joint,v45 branch,complete,central 1200x1200 crop; held-out spatial test partition; 2-pixel one-to-one association,results/acsggct_all11_baselines/hst_unified_baseline_summary.json,6939,held_out_catalogue_recovery,52.025,80.579,1519,5.4373,0.16681,126.798,88.054,Image-only fitting; the reference catalogue is used only for held-out evaluation/calibration.
HST/ACS single-F606W controlled,ngc6441,dao,DAOStarFinder,single-image baseline,complete,central 1200x1200 crop; held-out spatial test partition; 2-pixel one-to-one association,results/acsggct_all11_baselines/hst_unified_baseline_summary.json,6829,held_out_catalogue_recovery,15.258,45.859,990,3.1482,0.16149,0.150,0.104,Image-only fitting; the reference catalogue is used only for held-out evaluation/calibration.
HST/ACS single-F606W controlled,ngc6441,sep,SEP/SExtractor-style,single-image baseline,complete,central 1200x1200 crop; held-out spatial test partition; 2-pixel one-to-one association,results/acsggct_all11_baselines/hst_unified_baseline_summary.json,6829,held_out_catalogue_recovery,30.458,69.798,990,16.3204,0.35290,7.813,5.426,Image-only fitting; the reference catalogue is used only for held-out evaluation/calibration.
HST/ACS single-F606W controlled,ngc6441,photutils_psf,Photutils PSFPhotometry,single-image baseline,complete,central 1200x1200 crop; held-out spatial test partition; 2-pixel one-to-one association,results/acsggct_all11_baselines/hst_unified_baseline_summary.json,6829,held_out_catalogue_recovery,15.229,45.859,990,7.6620,0.17902,10.661,7.404,Image-only fitting; the reference catalogue is used only for held-out evaluation/calibration.
HST/ACS single-F606W controlled,ngc6441,astrocfr_epsf_deblend,AstroCFR ePSF + residual deblend,v45 branch,complete,central 1200x1200 crop; held-out spatial test partition; 2-pixel one-to-one association,results/acsggct_all11_baselines/hst_unified_baseline_summary.json,6829,held_out_catalogue_recovery,25.318,52.525,990,12.8552,0.20320,35.784,24.850,Image-only fitting; the reference catalogue is used only for held-out evaluation/calibration.
HST/ACS single-F606W controlled,ngc6441,astrocfr_spatial_epsf_joint,AstroCFR spatial-ePSF joint,v45 branch,complete,central 1200x1200 crop; held-out spatial test partition; 2-pixel one-to-one association,results/acsggct_all11_baselines/hst_unified_baseline_summary.json,6829,held_out_catalogue_recovery,53.419,86.263,990,6.1494,0.19226,133.937,93.012,Image-only fitting; the reference catalogue is used only for held-out evaluation/calibration.
HST/ACS single-F606W controlled,ngc0104,dao,DAOStarFinder,single-image baseline,complete,central 1200x1200 crop; held-out spatial test partition; 2-pixel one-to-one association,results/acsggct_all11_baselines/hst_unified_baseline_summary.json,5389,held_out_catalogue_recovery,22.138,18.718,3307,1.8977,0.11383,0.156,0.109,Image-only fitting; the reference catalogue is used only for held-out evaluation/calibration.
HST/ACS single-F606W controlled,ngc0104,sep,SEP/SExtractor-style,single-image baseline,complete,central 1200x1200 crop; held-out spatial test partition; 2-pixel one-to-one association,results/acsggct_all11_baselines/hst_unified_baseline_summary.json,5389,held_out_catalogue_recovery,51.160,53.372,3307,6.3103,0.26525,13.731,9.536,Image-only fitting; the reference catalogue is used only for held-out evaluation/calibration.
HST/ACS single-F606W controlled,ngc0104,photutils_psf,Photutils PSFPhotometry,single-image baseline,complete,central 1200x1200 crop; held-out spatial test partition; 2-pixel one-to-one association,results/acsggct_all11_baselines/hst_unified_baseline_summary.json,5389,held_out_catalogue_recovery,22.175,18.809,3307,4.3174,0.12147,11.197,7.776,Image-only fitting; the reference catalogue is used only for held-out evaluation/calibration.
HST/ACS single-F606W controlled,ngc0104,astrocfr_epsf_deblend,AstroCFR ePSF + residual deblend,v45 branch,complete,central 1200x1200 crop; held-out spatial test partition; 2-pixel one-to-one association,results/acsggct_all11_baselines/hst_unified_baseline_summary.json,5389,held_out_catalogue_recovery,35.684,34.170,3307,3.1265,0.07245,32.496,22.567,Image-only fitting; the reference catalogue is used only for held-out evaluation/calibration.
HST/ACS single-F606W controlled,ngc0104,astrocfr_spatial_epsf_joint,AstroCFR spatial-ePSF joint,v45 branch,complete,central 1200x1200 crop; held-out spatial test partition; 2-pixel one-to-one association,results/acsggct_all11_baselines/hst_unified_baseline_summary.json,5389,held_out_catalogue_recovery,63.667,67.130,3307,2.1126,0.08011,97.372,67.619,Image-only fitting; the reference catalogue is used only for held-out evaluation/calibration.
HST/ACS single-F606W controlled,ngc0362,dao,DAOStarFinder,single-image baseline,complete,central 1200x1200 crop; held-out spatial test partition; 2-pixel one-to-one association,results/acsggct_all11_baselines/hst_unified_baseline_summary.json,5103,held_out_catalogue_recovery,20.341,25.199,2008,1.7581,0.25680,0.209,0.145,Image-only fitting; the reference catalogue is used only for held-out evaluation/calibration.
HST/ACS single-F606W controlled,ngc0362,sep,SEP/SExtractor-style,single-image baseline,complete,central 1200x1200 crop; held-out spatial test partition; 2-pixel one-to-one association,results/acsggct_all11_baselines/hst_unified_baseline_summary.json,5103,held_out_catalogue_recovery,42.152,42.380,2008,5.7551,0.29262,10.442,7.251,Image-only fitting; the reference catalogue is used only for held-out evaluation/calibration.
HST/ACS single-F606W controlled,ngc0362,photutils_psf,Photutils PSFPhotometry,single-image baseline,complete,central 1200x1200 crop; held-out spatial test partition; 2-pixel one-to-one association,results/acsggct_all11_baselines/hst_unified_baseline_summary.json,5103,held_out_catalogue_recovery,19.929,24.950,2008,3.8964,0.25706,10.130,7.035,Image-only fitting; the reference catalogue is used only for held-out evaluation/calibration.
HST/ACS single-F606W controlled,ngc0362,astrocfr_epsf_deblend,AstroCFR ePSF + residual deblend,v45 branch,complete,central 1200x1200 crop; held-out spatial test partition; 2-pixel one-to-one association,results/acsggct_all11_baselines/hst_unified_baseline_summary.json,5103,held_out_catalogue_recovery,34.568,51.942,2008,4.5449,0.08931,27.226,18.907,Image-only fitting; the reference catalogue is used only for held-out evaluation/calibration.
HST/ACS single-F606W controlled,ngc0362,astrocfr_spatial_epsf_joint,AstroCFR spatial-ePSF joint,v45 branch,complete,central 1200x1200 crop; held-out spatial test partition; 2-pixel one-to-one association,results/acsggct_all11_baselines/hst_unified_baseline_summary.json,5103,held_out_catalogue_recovery,46.189,75.149,2008,2.4616,0.09589,59.325,41.198,Image-only fitting; the reference catalogue is used only for held-out evaluation/calibration.
HST/ACS single-F606W controlled,ngc6093,dao,DAOStarFinder,single-image baseline,complete,central 1200x1200 crop; held-out spatial test partition; 2-pixel one-to-one association,results/acsggct_all11_baselines/hst_unified_baseline_summary.json,5722,held_out_catalogue_recovery,25.655,56.672,1334,2.7154,0.35170,0.150,0.104,Image-only fitting; the reference catalogue is used only for held-out evaluation/calibration.
HST/ACS single-F606W controlled,ngc6093,sep,SEP/SExtractor-style,single-image baseline,complete,central 1200x1200 crop; held-out spatial test partition; 2-pixel one-to-one association,results/acsggct_all11_baselines/hst_unified_baseline_summary.json,5722,held_out_catalogue_recovery,44.355,47.751,1334,6.4010,0.29545,10.318,7.165,Image-only fitting; the reference catalogue is used only for held-out evaluation/calibration.
HST/ACS single-F606W controlled,ngc6093,photutils_psf,Photutils PSFPhotometry,single-image baseline,complete,central 1200x1200 crop; held-out spatial test partition; 2-pixel one-to-one association,results/acsggct_all11_baselines/hst_unified_baseline_summary.json,5722,held_out_catalogue_recovery,25.376,56.597,1334,3.0648,0.20983,13.259,9.208,Image-only fitting; the reference catalogue is used only for held-out evaluation/calibration.
HST/ACS single-F606W controlled,ngc6093,astrocfr_epsf_deblend,AstroCFR ePSF + residual deblend,v45 branch,complete,central 1200x1200 crop; held-out spatial test partition; 2-pixel one-to-one association,results/acsggct_all11_baselines/hst_unified_baseline_summary.json,5722,held_out_catalogue_recovery,35.879,81.109,1334,2.7272,0.08328,37.559,26.083,Image-only fitting; the reference catalogue is used only for held-out evaluation/calibration.
HST/ACS single-F606W controlled,ngc6093,astrocfr_spatial_epsf_joint,AstroCFR spatial-ePSF joint,v45 branch,complete,central 1200x1200 crop; held-out spatial test partition; 2-pixel one-to-one association,results/acsggct_all11_baselines/hst_unified_baseline_summary.json,5722,held_out_catalogue_recovery,41.664,91.679,1334,2.4417,0.08747,65.736,45.650,Image-only fitting; the reference catalogue is used only for held-out evaluation/calibration.
HST/ACS single-F606W controlled,ngc6624,dao,DAOStarFinder,single-image baseline,complete,central 1200x1200 crop; held-out spatial test partition; 2-pixel one-to-one association,results/acsggct_all11_baselines/hst_unified_baseline_summary.json,3447,held_out_catalogue_recovery,45.982,68.056,648,2.4337,0.20003,0.154,0.107,Image-only fitting; the reference catalogue is used only for held-out evaluation/calibration.
HST/ACS single-F606W controlled,ngc6624,sep,SEP/SExtractor-style,single-image baseline,complete,central 1200x1200 crop; held-out spatial test partition; 2-pixel one-to-one association,results/acsggct_all11_baselines/hst_unified_baseline_summary.json,3447,held_out_catalogue_recovery,48.622,26.080,648,3.0895,0.14402,9.177,6.373,Image-only fitting; the reference catalogue is used only for held-out evaluation/calibration.
HST/ACS single-F606W controlled,ngc6624,photutils_psf,Photutils PSFPhotometry,single-image baseline,complete,central 1200x1200 crop; held-out spatial test partition; 2-pixel one-to-one association,results/acsggct_all11_baselines/hst_unified_baseline_summary.json,3447,held_out_catalogue_recovery,45.982,68.056,648,1.3489,0.10605,13.386,9.296,Image-only fitting; the reference catalogue is used only for held-out evaluation/calibration.
HST/ACS single-F606W controlled,ngc6624,astrocfr_epsf_deblend,AstroCFR ePSF + residual deblend,v45 branch,complete,central 1200x1200 crop; held-out spatial test partition; 2-pixel one-to-one association,results/acsggct_all11_baselines/hst_unified_baseline_summary.json,3447,held_out_catalogue_recovery,58.370,91.204,648,1.5567,0.05918,37.586,26.101,Image-only fitting; the reference catalogue is used only for held-out evaluation/calibration.
HST/ACS single-F606W controlled,ngc6624,astrocfr_spatial_epsf_joint,AstroCFR spatial-ePSF joint,v45 branch,complete,central 1200x1200 crop; held-out spatial test partition; 2-pixel one-to-one association,results/acsggct_all11_baselines/hst_unified_baseline_summary.json,3447,held_out_catalogue_recovery,58.892,92.284,648,1.5026,0.05833,52.287,36.310,Image-only fitting; the reference catalogue is used only for held-out evaluation/calibration.
HST/ACS single-F606W controlled,ngc6397,dao,DAOStarFinder,single-image baseline,complete,central 1200x1200 crop; held-out spatial test partition; 2-pixel one-to-one association,results/acsggct_all11_baselines/hst_unified_baseline_summary.json,631,held_out_catalogue_recovery,95.404,55.556,9,1.8380,0.03022,0.201,0.140,Image-only fitting; the reference catalogue is used only for held-out evaluation/calibration.
HST/ACS single-F606W controlled,ngc6397,sep,SEP/SExtractor-style,single-image baseline,complete,central 1200x1200 crop; held-out spatial test partition; 2-pixel one-to-one association,results/acsggct_all11_baselines/hst_unified_baseline_summary.json,631,held_out_catalogue_recovery,76.070,66.667,9,2.5046,0.08642,3.249,2.256,Image-only fitting; the reference catalogue is used only for held-out evaluation/calibration.
HST/ACS single-F606W controlled,ngc6397,photutils_psf,Photutils PSFPhotometry,single-image baseline,complete,central 1200x1200 crop; held-out spatial test partition; 2-pixel one-to-one association,results/acsggct_all11_baselines/hst_unified_baseline_summary.json,631,held_out_catalogue_recovery,95.404,55.556,9,0.9827,0.04012,7.786,5.407,Image-only fitting; the reference catalogue is used only for held-out evaluation/calibration.
HST/ACS single-F606W controlled,ngc6397,astrocfr_epsf_deblend,AstroCFR ePSF + residual deblend,v45 branch,complete,central 1200x1200 crop; held-out spatial test partition; 2-pixel one-to-one association,results/acsggct_all11_baselines/hst_unified_baseline_summary.json,631,held_out_catalogue_recovery,99.049,66.667,9,1.1060,0.03543,19.881,13.806,Image-only fitting; the reference catalogue is used only for held-out evaluation/calibration.
HST/ACS single-F606W controlled,ngc6397,astrocfr_spatial_epsf_joint,AstroCFR spatial-ePSF joint,v45 branch,complete,central 1200x1200 crop; held-out spatial test partition; 2-pixel one-to-one association,results/acsggct_all11_baselines/hst_unified_baseline_summary.json,631,held_out_catalogue_recovery,98.891,66.667,9,1.1038,0.03025,24.633,17.106,Image-only fitting; the reference catalogue is used only for held-out evaluation/calibration.
HST/ACS single-F606W controlled,ngc6752,dao,DAOStarFinder,single-image baseline,complete,central 1200x1200 crop; held-out spatial test partition; 2-pixel one-to-one association,results/acsggct_all11_baselines/hst_unified_baseline_summary.json,2291,held_out_catalogue_recovery,76.211,56.965,402,2.1340,0.05750,0.192,0.133,Image-only fitting; the reference catalogue is used only for held-out evaluation/calibration.
HST/ACS single-F606W controlled,ngc6752,sep,SEP/SExtractor-style,single-image baseline,complete,central 1200x1200 crop; held-out spatial test partition; 2-pixel one-to-one association,results/acsggct_all11_baselines/hst_unified_baseline_summary.json,2291,held_out_catalogue_recovery,52.030,28.607,402,2.6907,0.12443,7.830,5.438,Image-only fitting; the reference catalogue is used only for held-out evaluation/calibration.
HST/ACS single-F606W controlled,ngc6752,photutils_psf,Photutils PSFPhotometry,single-image baseline,complete,central 1200x1200 crop; held-out spatial test partition; 2-pixel one-to-one association,results/acsggct_all11_baselines/hst_unified_baseline_summary.json,2291,held_out_catalogue_recovery,76.255,56.965,402,1.0526,0.03907,14.124,9.808,Image-only fitting; the reference catalogue is used only for held-out evaluation/calibration.
HST/ACS single-F606W controlled,ngc6752,astrocfr_epsf_deblend,AstroCFR ePSF + residual deblend,v45 branch,complete,central 1200x1200 crop; held-out spatial test partition; 2-pixel one-to-one association,results/acsggct_all11_baselines/hst_unified_baseline_summary.json,2291,held_out_catalogue_recovery,93.191,87.562,402,1.3482,0.04203,40.932,28.425,Image-only fitting; the reference catalogue is used only for held-out evaluation/calibration.
HST/ACS single-F606W controlled,ngc6752,astrocfr_spatial_epsf_joint,AstroCFR spatial-ePSF joint,v45 branch,complete,central 1200x1200 crop; held-out spatial test partition; 2-pixel one-to-one association,results/acsggct_all11_baselines/hst_unified_baseline_summary.json,2291,held_out_catalogue_recovery,93.365,88.308,402,1.2660,0.03699,55.540,38.570,Image-only fitting; the reference catalogue is used only for held-out evaluation/calibration.
HST/ACS single-F606W controlled,ngc1851,dao,DAOStarFinder,single-image baseline,complete,central 1200x1200 crop; held-out spatial test partition; 2-pixel one-to-one association,results/acsggct_all11_baselines/hst_unified_baseline_summary.json,5366,held_out_catalogue_recovery,17.350,34.503,1368,1.6778,0.32023,0.142,0.099,Image-only fitting; the reference catalogue is used only for held-out evaluation/calibration.
HST/ACS single-F606W controlled,ngc1851,sep,SEP/SExtractor-style,single-image baseline,complete,central 1200x1200 crop; held-out spatial test partition; 2-pixel one-to-one association,results/acsggct_all11_baselines/hst_unified_baseline_summary.json,5366,held_out_catalogue_recovery,45.639,51.827,1368,5.9851,0.26504,9.624,6.683,Image-only fitting; the reference catalogue is used only for held-out evaluation/calibration.
HST/ACS single-F606W controlled,ngc1851,photutils_psf,Photutils PSFPhotometry,single-image baseline,complete,central 1200x1200 crop; held-out spatial test partition; 2-pixel one-to-one association,results/acsggct_all11_baselines/hst_unified_baseline_summary.json,5366,held_out_catalogue_recovery,17.052,34.503,1368,3.7732,0.28268,10.108,7.020,Image-only fitting; the reference catalogue is used only for held-out evaluation/calibration.
HST/ACS single-F606W controlled,ngc1851,astrocfr_epsf_deblend,AstroCFR ePSF + residual deblend,v45 branch,complete,central 1200x1200 crop; held-out spatial test partition; 2-pixel one-to-one association,results/acsggct_all11_baselines/hst_unified_baseline_summary.json,5366,held_out_catalogue_recovery,29.296,68.860,1368,4.2506,0.08033,29.734,20.649,Image-only fitting; the reference catalogue is used only for held-out evaluation/calibration.
HST/ACS single-F606W controlled,ngc1851,astrocfr_spatial_epsf_joint,AstroCFR spatial-ePSF joint,v45 branch,complete,central 1200x1200 crop; held-out spatial test partition; 2-pixel one-to-one association,results/acsggct_all11_baselines/hst_unified_baseline_summary.json,5366,held_out_catalogue_recovery,34.737,86.330,1368,2.1471,0.08237,55.604,38.614,Image-only fitting; the reference catalogue is used only for held-out evaluation/calibration.
HST/ACS single-F606W controlled,ngc2808,global_epsf_joint,Global empirical ePSF + neighbour joint,literature mapping: effective-PSF ablation (Libralato et al. 2024),complete,central 1200x1200 crop; held-out dense subset; 2-pixel one-to-one association,results/hst_literature_method_benchmark_all11/summary.json,2728,held_out_dense_catalogue_recovery,11.107,,2728,49.1697,1.64971,57.100,,"Reimplementation/ablation of the stated modelling idea, not a bit-for-bit external pipeline reproduction."
HST/ACS single-F606W controlled,ngc2808,three_gaussian_dpsf_joint,Three-Gaussian dPSF + neighbour joint,literature mapping: discrete-PSF approximation (Nie et al. 2025),complete,central 1200x1200 crop; held-out dense subset; 2-pixel one-to-one association,results/hst_literature_method_benchmark_all11/summary.json,2728,held_out_dense_catalogue_recovery,11.070,,2728,49.1616,1.64927,64.966,,"Reimplementation/ablation of the stated modelling idea, not a bit-for-bit external pipeline reproduction."
HST/ACS single-F606W controlled,ngc2808,spatial_epsf_joint,Spatial empirical ePSF + neighbour joint,literature-mapped spatial ePSF control,complete,central 1200x1200 crop; held-out dense subset; 2-pixel one-to-one association,results/hst_literature_method_benchmark_all11/summary.json,2728,held_out_dense_catalogue_recovery,11.180,,2728,49.4013,1.62364,89.417,,"Reimplementation/ablation of the stated modelling idea, not a bit-for-bit external pipeline reproduction."
HST/ACS single-F606W controlled,ngc5286,global_epsf_joint,Global empirical ePSF + neighbour joint,literature mapping: effective-PSF ablation (Libralato et al. 2024),complete,central 1200x1200 crop; held-out dense subset; 2-pixel one-to-one association,results/hst_literature_method_benchmark_all11/summary.json,1202,held_out_dense_catalogue_recovery,89.434,,1202,4.0609,0.12837,49.348,,"Reimplementation/ablation of the stated modelling idea, not a bit-for-bit external pipeline reproduction."
HST/ACS single-F606W controlled,ngc5286,three_gaussian_dpsf_joint,Three-Gaussian dPSF + neighbour joint,literature mapping: discrete-PSF approximation (Nie et al. 2025),complete,central 1200x1200 crop; held-out dense subset; 2-pixel one-to-one association,results/hst_literature_method_benchmark_all11/summary.json,1202,held_out_dense_catalogue_recovery,89.434,,1202,3.8938,0.13090,50.253,,"Reimplementation/ablation of the stated modelling idea, not a bit-for-bit external pipeline reproduction."
HST/ACS single-F606W controlled,ngc5286,spatial_epsf_joint,Spatial empirical ePSF + neighbour joint,literature-mapped spatial ePSF control,complete,central 1200x1200 crop; held-out dense subset; 2-pixel one-to-one association,results/hst_literature_method_benchmark_all11/summary.json,1202,held_out_dense_catalogue_recovery,89.601,,1202,3.1549,0.12366,66.106,,"Reimplementation/ablation of the stated modelling idea, not a bit-for-bit external pipeline reproduction."
HST/ACS single-F606W controlled,ngc6388,global_epsf_joint,Global empirical ePSF + neighbour joint,literature mapping: effective-PSF ablation (Libralato et al. 2024),complete,central 1200x1200 crop; held-out dense subset; 2-pixel one-to-one association,results/hst_literature_method_benchmark_all11/summary.json,1275,held_out_dense_catalogue_recovery,80.549,,1275,4.2038,0.14991,58.205,,"Reimplementation/ablation of the stated modelling idea, not a bit-for-bit external pipeline reproduction."
HST/ACS single-F606W controlled,ngc6388,three_gaussian_dpsf_joint,Three-Gaussian dPSF + neighbour joint,literature mapping: discrete-PSF approximation (Nie et al. 2025),complete,central 1200x1200 crop; held-out dense subset; 2-pixel one-to-one association,results/hst_literature_method_benchmark_all11/summary.json,1275,held_out_dense_catalogue_recovery,80.549,,1275,4.4290,0.15138,65.672,,"Reimplementation/ablation of the stated modelling idea, not a bit-for-bit external pipeline reproduction."
HST/ACS single-F606W controlled,ngc6388,spatial_epsf_joint,Spatial empirical ePSF + neighbour joint,literature-mapped spatial ePSF control,complete,central 1200x1200 crop; held-out dense subset; 2-pixel one-to-one association,results/hst_literature_method_benchmark_all11/summary.json,1275,held_out_dense_catalogue_recovery,80.549,,1275,4.2542,0.14995,92.503,,"Reimplementation/ablation of the stated modelling idea, not a bit-for-bit external pipeline reproduction."
HST/ACS single-F606W controlled,ngc6441,global_epsf_joint,Global empirical ePSF + neighbour joint,literature mapping: effective-PSF ablation (Libralato et al. 2024),complete,central 1200x1200 crop; held-out dense subset; 2-pixel one-to-one association,results/hst_literature_method_benchmark_all11/summary.json,899,held_out_dense_catalogue_recovery,83.871,,899,4.3446,0.16534,66.570,,"Reimplementation/ablation of the stated modelling idea, not a bit-for-bit external pipeline reproduction."
HST/ACS single-F606W controlled,ngc6441,three_gaussian_dpsf_joint,Three-Gaussian dPSF + neighbour joint,literature mapping: discrete-PSF approximation (Nie et al. 2025),complete,central 1200x1200 crop; held-out dense subset; 2-pixel one-to-one association,results/hst_literature_method_benchmark_all11/summary.json,899,held_out_dense_catalogue_recovery,83.871,,899,4.2624,0.17326,78.879,,"Reimplementation/ablation of the stated modelling idea, not a bit-for-bit external pipeline reproduction."
HST/ACS single-F606W controlled,ngc6441,spatial_epsf_joint,Spatial empirical ePSF + neighbour joint,literature-mapped spatial ePSF control,complete,central 1200x1200 crop; held-out dense subset; 2-pixel one-to-one association,results/hst_literature_method_benchmark_all11/summary.json,899,held_out_dense_catalogue_recovery,84.093,,899,3.1752,0.14770,97.006,,"Reimplementation/ablation of the stated modelling idea, not a bit-for-bit external pipeline reproduction."
HST/ACS single-F606W controlled,ngc0104,global_epsf_joint,Global empirical ePSF + neighbour joint,literature mapping: effective-PSF ablation (Libralato et al. 2024),complete,central 1200x1200 crop; held-out dense subset; 2-pixel one-to-one association,results/hst_literature_method_benchmark_all11/summary.json,3434,held_out_dense_catalogue_recovery,68.608,,3434,2.5200,0.08615,49.386,,"Reimplementation/ablation of the stated modelling idea, not a bit-for-bit external pipeline reproduction."
HST/ACS single-F606W controlled,ngc0104,three_gaussian_dpsf_joint,Three-Gaussian dPSF + neighbour joint,literature mapping: discrete-PSF approximation (Nie et al. 2025),complete,central 1200x1200 crop; held-out dense subset; 2-pixel one-to-one association,results/hst_literature_method_benchmark_all11/summary.json,3434,held_out_dense_catalogue_recovery,68.608,,3434,2.6887,0.08282,57.344,,"Reimplementation/ablation of the stated modelling idea, not a bit-for-bit external pipeline reproduction."
HST/ACS single-F606W controlled,ngc0104,spatial_epsf_joint,Spatial empirical ePSF + neighbour joint,literature-mapped spatial ePSF control,complete,central 1200x1200 crop; held-out dense subset; 2-pixel one-to-one association,results/hst_literature_method_benchmark_all11/summary.json,3434,held_out_dense_catalogue_recovery,68.608,,3434,2.1999,0.08986,70.280,,"Reimplementation/ablation of the stated modelling idea, not a bit-for-bit external pipeline reproduction."
HST/ACS single-F606W controlled,ngc0362,global_epsf_joint,Global empirical ePSF + neighbour joint,literature mapping: effective-PSF ablation (Libralato et al. 2024),complete,central 1200x1200 crop; held-out dense subset; 2-pixel one-to-one association,results/hst_literature_method_benchmark_all11/summary.json,1958,held_out_dense_catalogue_recovery,74.872,,1958,3.5824,0.10435,33.111,,"Reimplementation/ablation of the stated modelling idea, not a bit-for-bit external pipeline reproduction."
HST/ACS single-F606W controlled,ngc0362,three_gaussian_dpsf_joint,Three-Gaussian dPSF + neighbour joint,literature mapping: discrete-PSF approximation (Nie et al. 2025),complete,central 1200x1200 crop; held-out dense subset; 2-pixel one-to-one association,results/hst_literature_method_benchmark_all11/summary.json,1958,held_out_dense_catalogue_recovery,74.821,,1958,3.6617,0.10472,36.280,,"Reimplementation/ablation of the stated modelling idea, not a bit-for-bit external pipeline reproduction."
HST/ACS single-F606W controlled,ngc0362,spatial_epsf_joint,Spatial empirical ePSF + neighbour joint,literature-mapped spatial ePSF control,complete,central 1200x1200 crop; held-out dense subset; 2-pixel one-to-one association,results/hst_literature_method_benchmark_all11/summary.json,1958,held_out_dense_catalogue_recovery,74.872,,1958,2.9866,0.10017,48.326,,"Reimplementation/ablation of the stated modelling idea, not a bit-for-bit external pipeline reproduction."
HST/ACS single-F606W controlled,ngc6093,global_epsf_joint,Global empirical ePSF + neighbour joint,literature mapping: effective-PSF ablation (Libralato et al. 2024),complete,central 1200x1200 crop; held-out dense subset; 2-pixel one-to-one association,results/hst_literature_method_benchmark_all11/summary.json,1256,held_out_dense_catalogue_recovery,89.490,,1256,3.0250,0.11886,36.744,,"Reimplementation/ablation of the stated modelling idea, not a bit-for-bit external pipeline reproduction."
HST/ACS single-F606W controlled,ngc6093,three_gaussian_dpsf_joint,Three-Gaussian dPSF + neighbour joint,literature mapping: discrete-PSF approximation (Nie et al. 2025),complete,central 1200x1200 crop; held-out dense subset; 2-pixel one-to-one association,results/hst_literature_method_benchmark_all11/summary.json,1256,held_out_dense_catalogue_recovery,89.490,,1256,3.3047,0.11643,37.930,,"Reimplementation/ablation of the stated modelling idea, not a bit-for-bit external pipeline reproduction."
HST/ACS single-F606W controlled,ngc6093,spatial_epsf_joint,Spatial empirical ePSF + neighbour joint,literature-mapped spatial ePSF control,complete,central 1200x1200 crop; held-out dense subset; 2-pixel one-to-one association,results/hst_literature_method_benchmark_all11/summary.json,1256,held_out_dense_catalogue_recovery,89.490,,1256,2.8081,0.11311,54.372,,"Reimplementation/ablation of the stated modelling idea, not a bit-for-bit external pipeline reproduction."
HST/ACS single-F606W controlled,ngc6624,global_epsf_joint,Global empirical ePSF + neighbour joint,literature mapping: effective-PSF ablation (Libralato et al. 2024),complete,central 1200x1200 crop; held-out dense subset; 2-pixel one-to-one association,results/hst_literature_method_benchmark_all11/summary.json,563,held_out_dense_catalogue_recovery,92.895,,563,1.9894,0.08006,24.021,,"Reimplementation/ablation of the stated modelling idea, not a bit-for-bit external pipeline reproduction."
HST/ACS single-F606W controlled,ngc6624,three_gaussian_dpsf_joint,Three-Gaussian dPSF + neighbour joint,literature mapping: discrete-PSF approximation (Nie et al. 2025),complete,central 1200x1200 crop; held-out dense subset; 2-pixel one-to-one association,results/hst_literature_method_benchmark_all11/summary.json,563,held_out_dense_catalogue_recovery,92.895,,563,2.1474,0.07581,25.898,,"Reimplementation/ablation of the stated modelling idea, not a bit-for-bit external pipeline reproduction."
HST/ACS single-F606W controlled,ngc6624,spatial_epsf_joint,Spatial empirical ePSF + neighbour joint,literature-mapped spatial ePSF control,complete,central 1200x1200 crop; held-out dense subset; 2-pixel one-to-one association,results/hst_literature_method_benchmark_all11/summary.json,563,held_out_dense_catalogue_recovery,93.073,,563,1.9239,0.08097,40.121,,"Reimplementation/ablation of the stated modelling idea, not a bit-for-bit external pipeline reproduction."
HST/ACS single-F606W controlled,ngc6397,global_epsf_joint,Global empirical ePSF + neighbour joint,literature mapping: effective-PSF ablation (Libralato et al. 2024),complete,central 1200x1200 crop; held-out dense subset; 2-pixel one-to-one association,results/hst_literature_method_benchmark_all11/summary.json,5,held_out_dense_catalogue_recovery,60.000,,5,,,13.134,,"Reimplementation/ablation of the stated modelling idea, not a bit-for-bit external pipeline reproduction."
HST/ACS single-F606W controlled,ngc6397,three_gaussian_dpsf_joint,Three-Gaussian dPSF + neighbour joint,literature mapping: discrete-PSF approximation (Nie et al. 2025),complete,central 1200x1200 crop; held-out dense subset; 2-pixel one-to-one association,results/hst_literature_method_benchmark_all11/summary.json,5,held_out_dense_catalogue_recovery,60.000,,5,,,14.079,,"Reimplementation/ablation of the stated modelling idea, not a bit-for-bit external pipeline reproduction."
HST/ACS single-F606W controlled,ngc6397,spatial_epsf_joint,Spatial empirical ePSF + neighbour joint,literature-mapped spatial ePSF control,complete,central 1200x1200 crop; held-out dense subset; 2-pixel one-to-one association,results/hst_literature_method_benchmark_all11/summary.json,5,held_out_dense_catalogue_recovery,60.000,,5,,,19.269,,"Reimplementation/ablation of the stated modelling idea, not a bit-for-bit external pipeline reproduction."
HST/ACS single-F606W controlled,ngc6752,global_epsf_joint,Global empirical ePSF + neighbour joint,literature mapping: effective-PSF ablation (Libralato et al. 2024),complete,central 1200x1200 crop; held-out dense subset; 2-pixel one-to-one association,results/hst_literature_method_benchmark_all11/summary.json,419,held_out_dense_catalogue_recovery,86.158,,419,1.6129,0.06109,28.232,,"Reimplementation/ablation of the stated modelling idea, not a bit-for-bit external pipeline reproduction."
HST/ACS single-F606W controlled,ngc6752,three_gaussian_dpsf_joint,Three-Gaussian dPSF + neighbour joint,literature mapping: discrete-PSF approximation (Nie et al. 2025),complete,central 1200x1200 crop; held-out dense subset; 2-pixel one-to-one association,results/hst_literature_method_benchmark_all11/summary.json,419,held_out_dense_catalogue_recovery,86.158,,419,1.8652,0.05810,29.489,,"Reimplementation/ablation of the stated modelling idea, not a bit-for-bit external pipeline reproduction."
HST/ACS single-F606W controlled,ngc6752,spatial_epsf_joint,Spatial empirical ePSF + neighbour joint,literature-mapped spatial ePSF control,complete,central 1200x1200 crop; held-out dense subset; 2-pixel one-to-one association,results/hst_literature_method_benchmark_all11/summary.json,419,held_out_dense_catalogue_recovery,85.919,,419,1.3899,0.05091,35.795,,"Reimplementation/ablation of the stated modelling idea, not a bit-for-bit external pipeline reproduction."
HST/ACS single-F606W controlled,ngc1851,global_epsf_joint,Global empirical ePSF + neighbour joint,literature mapping: effective-PSF ablation (Libralato et al. 2024),complete,central 1200x1200 crop; held-out dense subset; 2-pixel one-to-one association,results/hst_literature_method_benchmark_all11/summary.json,1318,held_out_dense_catalogue_recovery,82.701,,1318,4.2713,0.13652,28.782,,"Reimplementation/ablation of the stated modelling idea, not a bit-for-bit external pipeline reproduction."
HST/ACS single-F606W controlled,ngc1851,three_gaussian_dpsf_joint,Three-Gaussian dPSF + neighbour joint,literature mapping: discrete-PSF approximation (Nie et al. 2025),complete,central 1200x1200 crop; held-out dense subset; 2-pixel one-to-one association,results/hst_literature_method_benchmark_all11/summary.json,1318,held_out_dense_catalogue_recovery,82.625,,1318,4.2843,0.13770,30.136,,"Reimplementation/ablation of the stated modelling idea, not a bit-for-bit external pipeline reproduction."
HST/ACS single-F606W controlled,ngc1851,spatial_epsf_joint,Spatial empirical ePSF + neighbour joint,literature-mapped spatial ePSF control,complete,central 1200x1200 crop; held-out dense subset; 2-pixel one-to-one association,results/hst_literature_method_benchmark_all11/summary.json,1318,held_out_dense_catalogue_recovery,83.005,,1318,2.6992,0.12293,42.415,,"Reimplementation/ablation of the stated modelling idea, not a bit-for-bit external pipeline reproduction."
HST/ACS single-F606W controlled,ngc6397,astrocfr_photutils_hybrid,AstroCFR+Photutils hybrid,v45 ablation,complete_partial_3_of_11,central 1200x1200 crop; held-out spatial test partition; 2-pixel one-to-one association,results/hst_hybrid_wpdc_photutils/hybrid_summary.json,631,held_out_catalogue_recovery,97.623,66.667,9,1.0469,0.04222,15.431,10.716,"Only NGC 6397, NGC 6752 and NGC 1851 have an archived hybrid run; it is an ablation, not a claimed combined optimum."
HST/ACS single-F606W controlled,ngc6752,astrocfr_photutils_hybrid,AstroCFR+Photutils hybrid,v45 ablation,complete_partial_3_of_11,central 1200x1200 crop; held-out spatial test partition; 2-pixel one-to-one association,results/hst_hybrid_wpdc_photutils/hybrid_summary.json,2291,held_out_catalogue_recovery,88.215,79.851,402,1.3753,0.05598,26.612,18.481,"Only NGC 6397, NGC 6752 and NGC 1851 have an archived hybrid run; it is an ablation, not a claimed combined optimum."
HST/ACS single-F606W controlled,ngc1851,astrocfr_photutils_hybrid,AstroCFR+Photutils hybrid,v45 ablation,complete_partial_3_of_11,central 1200x1200 crop; held-out spatial test partition; 2-pixel one-to-one association,results/hst_hybrid_wpdc_photutils/hybrid_summary.json,5366,held_out_catalogue_recovery,27.581,64.181,1368,6.6572,0.48238,19.500,13.542,"Only NGC 6397, NGC 6752 and NGC 1851 have an archived hybrid run; it is an ablation, not a claimed combined optimum."
HST/ACS single-F606W controlled,ngc2808,astrocfr_rf,AstroCFR RF candidate branch,v45 branch,protocol_excluded_no_hst_supervised_adaptation,not run,availability audit,,,,,,,,,,"Protocol-excluded, not a failed RF result: the released RF is trained on CSST simulated-truth labels with CSST-specific feature normalisation and thresholding. Direct HST transfer is unvalidated; retraining on the ACSGGCT evaluation catalogue would be a separate supervised target-adaptation experiment requiring a pre-registered cross-field or held-out-field design."
HST/ACS single-F606W controlled,ngc2808,astrocfr_photutils_hybrid,AstroCFR+Photutils hybrid,v45 ablation,not_run_full_11_field_suite,not run,availability audit,,,,,,,,,,No full 11-field hybrid rerun is archived; only the original three HST fields have a matched-protocol ablation.
HST/ACS single-F606W controlled,ngc2808,dolphot,DOLPHOT/ALLFRAME-class multi-exposure,external pipeline,input_incompatible_not_ranked,not run,interface/scope audit,,,,,,,,,,Requires homogeneous calibrated multi-exposure inputs and native artificial-star scenes; a stacked single F606W image is not an input-equivalent DOLPHOT/ALLFRAME experiment.
HST/ACS single-F606W controlled,ngc2808,crowdsource,crowdsource joint multiband,external pipeline,input_incompatible_not_ranked,not run,interface/scope audit,,,,,,,,,,Requires matched multi-band images and a joint-band source model; this matrix uses a single F606W stack or a CSST chip.
HST/ACS single-F606W controlled,ngc2808,euclid_vvv,Euclid/VVV full workflow,external pipeline,input_incompatible_not_ranked,not run,interface/scope audit,,,,,,,,,,"Requires instrument-specific distortion, dithers and/or multi-epoch local transformations unavailable in this matched protocol."
HST/ACS single-F606W controlled,ngc2808,csst_psfnet,CSST-PSFNet,external PSF model,input_incompatible_not_ranked,not run,interface/scope audit,,,,,,,,,,"Requires labelled 32x32 stellar stamps, PSF labels and a checkpoint/training protocol; available CSST FITS lacks the required labelled extensions."
HST/ACS single-F606W controlled,ngc5286,astrocfr_rf,AstroCFR RF candidate branch,v45 branch,protocol_excluded_no_hst_supervised_adaptation,not run,availability audit,,,,,,,,,,"Protocol-excluded, not a failed RF result: the released RF is trained on CSST simulated-truth labels with CSST-specific feature normalisation and thresholding. Direct HST transfer is unvalidated; retraining on the ACSGGCT evaluation catalogue would be a separate supervised target-adaptation experiment requiring a pre-registered cross-field or held-out-field design."
HST/ACS single-F606W controlled,ngc5286,astrocfr_photutils_hybrid,AstroCFR+Photutils hybrid,v45 ablation,not_run_full_11_field_suite,not run,availability audit,,,,,,,,,,No full 11-field hybrid rerun is archived; only the original three HST fields have a matched-protocol ablation.
HST/ACS single-F606W controlled,ngc5286,dolphot,DOLPHOT/ALLFRAME-class multi-exposure,external pipeline,input_incompatible_not_ranked,not run,interface/scope audit,,,,,,,,,,Requires homogeneous calibrated multi-exposure inputs and native artificial-star scenes; a stacked single F606W image is not an input-equivalent DOLPHOT/ALLFRAME experiment.
HST/ACS single-F606W controlled,ngc5286,crowdsource,crowdsource joint multiband,external pipeline,input_incompatible_not_ranked,not run,interface/scope audit,,,,,,,,,,Requires matched multi-band images and a joint-band source model; this matrix uses a single F606W stack or a CSST chip.
HST/ACS single-F606W controlled,ngc5286,euclid_vvv,Euclid/VVV full workflow,external pipeline,input_incompatible_not_ranked,not run,interface/scope audit,,,,,,,,,,"Requires instrument-specific distortion, dithers and/or multi-epoch local transformations unavailable in this matched protocol."
HST/ACS single-F606W controlled,ngc5286,csst_psfnet,CSST-PSFNet,external PSF model,input_incompatible_not_ranked,not run,interface/scope audit,,,,,,,,,,"Requires labelled 32x32 stellar stamps, PSF labels and a checkpoint/training protocol; available CSST FITS lacks the required labelled extensions."
HST/ACS single-F606W controlled,ngc6388,astrocfr_rf,AstroCFR RF candidate branch,v45 branch,protocol_excluded_no_hst_supervised_adaptation,not run,availability audit,,,,,,,,,,"Protocol-excluded, not a failed RF result: the released RF is trained on CSST simulated-truth labels with CSST-specific feature normalisation and thresholding. Direct HST transfer is unvalidated; retraining on the ACSGGCT evaluation catalogue would be a separate supervised target-adaptation experiment requiring a pre-registered cross-field or held-out-field design."
HST/ACS single-F606W controlled,ngc6388,astrocfr_photutils_hybrid,AstroCFR+Photutils hybrid,v45 ablation,not_run_full_11_field_suite,not run,availability audit,,,,,,,,,,No full 11-field hybrid rerun is archived; only the original three HST fields have a matched-protocol ablation.
HST/ACS single-F606W controlled,ngc6388,dolphot,DOLPHOT/ALLFRAME-class multi-exposure,external pipeline,input_incompatible_not_ranked,not run,interface/scope audit,,,,,,,,,,Requires homogeneous calibrated multi-exposure inputs and native artificial-star scenes; a stacked single F606W image is not an input-equivalent DOLPHOT/ALLFRAME experiment.
HST/ACS single-F606W controlled,ngc6388,crowdsource,crowdsource joint multiband,external pipeline,input_incompatible_not_ranked,not run,interface/scope audit,,,,,,,,,,Requires matched multi-band images and a joint-band source model; this matrix uses a single F606W stack or a CSST chip.
HST/ACS single-F606W controlled,ngc6388,euclid_vvv,Euclid/VVV full workflow,external pipeline,input_incompatible_not_ranked,not run,interface/scope audit,,,,,,,,,,"Requires instrument-specific distortion, dithers and/or multi-epoch local transformations unavailable in this matched protocol."
HST/ACS single-F606W controlled,ngc6388,csst_psfnet,CSST-PSFNet,external PSF model,input_incompatible_not_ranked,not run,interface/scope audit,,,,,,,,,,"Requires labelled 32x32 stellar stamps, PSF labels and a checkpoint/training protocol; available CSST FITS lacks the required labelled extensions."
HST/ACS single-F606W controlled,ngc6441,astrocfr_rf,AstroCFR RF candidate branch,v45 branch,protocol_excluded_no_hst_supervised_adaptation,not run,availability audit,,,,,,,,,,"Protocol-excluded, not a failed RF result: the released RF is trained on CSST simulated-truth labels with CSST-specific feature normalisation and thresholding. Direct HST transfer is unvalidated; retraining on the ACSGGCT evaluation catalogue would be a separate supervised target-adaptation experiment requiring a pre-registered cross-field or held-out-field design."
HST/ACS single-F606W controlled,ngc6441,astrocfr_photutils_hybrid,AstroCFR+Photutils hybrid,v45 ablation,not_run_full_11_field_suite,not run,availability audit,,,,,,,,,,No full 11-field hybrid rerun is archived; only the original three HST fields have a matched-protocol ablation.
HST/ACS single-F606W controlled,ngc6441,dolphot,DOLPHOT/ALLFRAME-class multi-exposure,external pipeline,input_incompatible_not_ranked,not run,interface/scope audit,,,,,,,,,,Requires homogeneous calibrated multi-exposure inputs and native artificial-star scenes; a stacked single F606W image is not an input-equivalent DOLPHOT/ALLFRAME experiment.
HST/ACS single-F606W controlled,ngc6441,crowdsource,crowdsource joint multiband,external pipeline,input_incompatible_not_ranked,not run,interface/scope audit,,,,,,,,,,Requires matched multi-band images and a joint-band source model; this matrix uses a single F606W stack or a CSST chip.
HST/ACS single-F606W controlled,ngc6441,euclid_vvv,Euclid/VVV full workflow,external pipeline,input_incompatible_not_ranked,not run,interface/scope audit,,,,,,,,,,"Requires instrument-specific distortion, dithers and/or multi-epoch local transformations unavailable in this matched protocol."
HST/ACS single-F606W controlled,ngc6441,csst_psfnet,CSST-PSFNet,external PSF model,input_incompatible_not_ranked,not run,interface/scope audit,,,,,,,,,,"Requires labelled 32x32 stellar stamps, PSF labels and a checkpoint/training protocol; available CSST FITS lacks the required labelled extensions."
HST/ACS single-F606W controlled,ngc0104,astrocfr_rf,AstroCFR RF candidate branch,v45 branch,protocol_excluded_no_hst_supervised_adaptation,not run,availability audit,,,,,,,,,,"Protocol-excluded, not a failed RF result: the released RF is trained on CSST simulated-truth labels with CSST-specific feature normalisation and thresholding. Direct HST transfer is unvalidated; retraining on the ACSGGCT evaluation catalogue would be a separate supervised target-adaptation experiment requiring a pre-registered cross-field or held-out-field design."
HST/ACS single-F606W controlled,ngc0104,astrocfr_photutils_hybrid,AstroCFR+Photutils hybrid,v45 ablation,not_run_full_11_field_suite,not run,availability audit,,,,,,,,,,No full 11-field hybrid rerun is archived; only the original three HST fields have a matched-protocol ablation.
HST/ACS single-F606W controlled,ngc0104,dolphot,DOLPHOT/ALLFRAME-class multi-exposure,external pipeline,input_incompatible_not_ranked,not run,interface/scope audit,,,,,,,,,,Requires homogeneous calibrated multi-exposure inputs and native artificial-star scenes; a stacked single F606W image is not an input-equivalent DOLPHOT/ALLFRAME experiment.
HST/ACS single-F606W controlled,ngc0104,crowdsource,crowdsource joint multiband,external pipeline,input_incompatible_not_ranked,not run,interface/scope audit,,,,,,,,,,Requires matched multi-band images and a joint-band source model; this matrix uses a single F606W stack or a CSST chip.
HST/ACS single-F606W controlled,ngc0104,euclid_vvv,Euclid/VVV full workflow,external pipeline,input_incompatible_not_ranked,not run,interface/scope audit,,,,,,,,,,"Requires instrument-specific distortion, dithers and/or multi-epoch local transformations unavailable in this matched protocol."
HST/ACS single-F606W controlled,ngc0104,csst_psfnet,CSST-PSFNet,external PSF model,input_incompatible_not_ranked,not run,interface/scope audit,,,,,,,,,,"Requires labelled 32x32 stellar stamps, PSF labels and a checkpoint/training protocol; available CSST FITS lacks the required labelled extensions."
HST/ACS single-F606W controlled,ngc0362,astrocfr_rf,AstroCFR RF candidate branch,v45 branch,protocol_excluded_no_hst_supervised_adaptation,not run,availability audit,,,,,,,,,,"Protocol-excluded, not a failed RF result: the released RF is trained on CSST simulated-truth labels with CSST-specific feature normalisation and thresholding. Direct HST transfer is unvalidated; retraining on the ACSGGCT evaluation catalogue would be a separate supervised target-adaptation experiment requiring a pre-registered cross-field or held-out-field design."
HST/ACS single-F606W controlled,ngc0362,astrocfr_photutils_hybrid,AstroCFR+Photutils hybrid,v45 ablation,not_run_full_11_field_suite,not run,availability audit,,,,,,,,,,No full 11-field hybrid rerun is archived; only the original three HST fields have a matched-protocol ablation.
HST/ACS single-F606W controlled,ngc0362,dolphot,DOLPHOT/ALLFRAME-class multi-exposure,external pipeline,input_incompatible_not_ranked,not run,interface/scope audit,,,,,,,,,,Requires homogeneous calibrated multi-exposure inputs and native artificial-star scenes; a stacked single F606W image is not an input-equivalent DOLPHOT/ALLFRAME experiment.
HST/ACS single-F606W controlled,ngc0362,crowdsource,crowdsource joint multiband,external pipeline,input_incompatible_not_ranked,not run,interface/scope audit,,,,,,,,,,Requires matched multi-band images and a joint-band source model; this matrix uses a single F606W stack or a CSST chip.
HST/ACS single-F606W controlled,ngc0362,euclid_vvv,Euclid/VVV full workflow,external pipeline,input_incompatible_not_ranked,not run,interface/scope audit,,,,,,,,,,"Requires instrument-specific distortion, dithers and/or multi-epoch local transformations unavailable in this matched protocol."
HST/ACS single-F606W controlled,ngc0362,csst_psfnet,CSST-PSFNet,external PSF model,input_incompatible_not_ranked,not run,interface/scope audit,,,,,,,,,,"Requires labelled 32x32 stellar stamps, PSF labels and a checkpoint/training protocol; available CSST FITS lacks the required labelled extensions."
HST/ACS single-F606W controlled,ngc6093,astrocfr_rf,AstroCFR RF candidate branch,v45 branch,protocol_excluded_no_hst_supervised_adaptation,not run,availability audit,,,,,,,,,,"Protocol-excluded, not a failed RF result: the released RF is trained on CSST simulated-truth labels with CSST-specific feature normalisation and thresholding. Direct HST transfer is unvalidated; retraining on the ACSGGCT evaluation catalogue would be a separate supervised target-adaptation experiment requiring a pre-registered cross-field or held-out-field design."
HST/ACS single-F606W controlled,ngc6093,astrocfr_photutils_hybrid,AstroCFR+Photutils hybrid,v45 ablation,not_run_full_11_field_suite,not run,availability audit,,,,,,,,,,No full 11-field hybrid rerun is archived; only the original three HST fields have a matched-protocol ablation.
HST/ACS single-F606W controlled,ngc6093,dolphot,DOLPHOT/ALLFRAME-class multi-exposure,external pipeline,input_incompatible_not_ranked,not run,interface/scope audit,,,,,,,,,,Requires homogeneous calibrated multi-exposure inputs and native artificial-star scenes; a stacked single F606W image is not an input-equivalent DOLPHOT/ALLFRAME experiment.
HST/ACS single-F606W controlled,ngc6093,crowdsource,crowdsource joint multiband,external pipeline,input_incompatible_not_ranked,not run,interface/scope audit,,,,,,,,,,Requires matched multi-band images and a joint-band source model; this matrix uses a single F606W stack or a CSST chip.
HST/ACS single-F606W controlled,ngc6093,euclid_vvv,Euclid/VVV full workflow,external pipeline,input_incompatible_not_ranked,not run,interface/scope audit,,,,,,,,,,"Requires instrument-specific distortion, dithers and/or multi-epoch local transformations unavailable in this matched protocol."
HST/ACS single-F606W controlled,ngc6093,csst_psfnet,CSST-PSFNet,external PSF model,input_incompatible_not_ranked,not run,interface/scope audit,,,,,,,,,,"Requires labelled 32x32 stellar stamps, PSF labels and a checkpoint/training protocol; available CSST FITS lacks the required labelled extensions."
HST/ACS single-F606W controlled,ngc6624,astrocfr_rf,AstroCFR RF candidate branch,v45 branch,protocol_excluded_no_hst_supervised_adaptation,not run,availability audit,,,,,,,,,,"Protocol-excluded, not a failed RF result: the released RF is trained on CSST simulated-truth labels with CSST-specific feature normalisation and thresholding. Direct HST transfer is unvalidated; retraining on the ACSGGCT evaluation catalogue would be a separate supervised target-adaptation experiment requiring a pre-registered cross-field or held-out-field design."
HST/ACS single-F606W controlled,ngc6624,astrocfr_photutils_hybrid,AstroCFR+Photutils hybrid,v45 ablation,not_run_full_11_field_suite,not run,availability audit,,,,,,,,,,No full 11-field hybrid rerun is archived; only the original three HST fields have a matched-protocol ablation.
HST/ACS single-F606W controlled,ngc6624,dolphot,DOLPHOT/ALLFRAME-class multi-exposure,external pipeline,input_incompatible_not_ranked,not run,interface/scope audit,,,,,,,,,,Requires homogeneous calibrated multi-exposure inputs and native artificial-star scenes; a stacked single F606W image is not an input-equivalent DOLPHOT/ALLFRAME experiment.
HST/ACS single-F606W controlled,ngc6624,crowdsource,crowdsource joint multiband,external pipeline,input_incompatible_not_ranked,not run,interface/scope audit,,,,,,,,,,Requires matched multi-band images and a joint-band source model; this matrix uses a single F606W stack or a CSST chip.
HST/ACS single-F606W controlled,ngc6624,euclid_vvv,Euclid/VVV full workflow,external pipeline,input_incompatible_not_ranked,not run,interface/scope audit,,,,,,,,,,"Requires instrument-specific distortion, dithers and/or multi-epoch local transformations unavailable in this matched protocol."
HST/ACS single-F606W controlled,ngc6624,csst_psfnet,CSST-PSFNet,external PSF model,input_incompatible_not_ranked,not run,interface/scope audit,,,,,,,,,,"Requires labelled 32x32 stellar stamps, PSF labels and a checkpoint/training protocol; available CSST FITS lacks the required labelled extensions."
HST/ACS single-F606W controlled,ngc6397,astrocfr_rf,AstroCFR RF candidate branch,v45 branch,protocol_excluded_no_hst_supervised_adaptation,not run,availability audit,,,,,,,,,,"Protocol-excluded, not a failed RF result: the released RF is trained on CSST simulated-truth labels with CSST-specific feature normalisation and thresholding. Direct HST transfer is unvalidated; retraining on the ACSGGCT evaluation catalogue would be a separate supervised target-adaptation experiment requiring a pre-registered cross-field or held-out-field design."
HST/ACS single-F606W controlled,ngc6397,dolphot,DOLPHOT/ALLFRAME-class multi-exposure,external pipeline,input_incompatible_not_ranked,not run,interface/scope audit,,,,,,,,,,Requires homogeneous calibrated multi-exposure inputs and native artificial-star scenes; a stacked single F606W image is not an input-equivalent DOLPHOT/ALLFRAME experiment.
HST/ACS single-F606W controlled,ngc6397,crowdsource,crowdsource joint multiband,external pipeline,input_incompatible_not_ranked,not run,interface/scope audit,,,,,,,,,,Requires matched multi-band images and a joint-band source model; this matrix uses a single F606W stack or a CSST chip.
HST/ACS single-F606W controlled,ngc6397,euclid_vvv,Euclid/VVV full workflow,external pipeline,input_incompatible_not_ranked,not run,interface/scope audit,,,,,,,,,,"Requires instrument-specific distortion, dithers and/or multi-epoch local transformations unavailable in this matched protocol."
HST/ACS single-F606W controlled,ngc6397,csst_psfnet,CSST-PSFNet,external PSF model,input_incompatible_not_ranked,not run,interface/scope audit,,,,,,,,,,"Requires labelled 32x32 stellar stamps, PSF labels and a checkpoint/training protocol; available CSST FITS lacks the required labelled extensions."
HST/ACS single-F606W controlled,ngc6752,astrocfr_rf,AstroCFR RF candidate branch,v45 branch,protocol_excluded_no_hst_supervised_adaptation,not run,availability audit,,,,,,,,,,"Protocol-excluded, not a failed RF result: the released RF is trained on CSST simulated-truth labels with CSST-specific feature normalisation and thresholding. Direct HST transfer is unvalidated; retraining on the ACSGGCT evaluation catalogue would be a separate supervised target-adaptation experiment requiring a pre-registered cross-field or held-out-field design."
HST/ACS single-F606W controlled,ngc6752,dolphot,DOLPHOT/ALLFRAME-class multi-exposure,external pipeline,input_incompatible_not_ranked,not run,interface/scope audit,,,,,,,,,,Requires homogeneous calibrated multi-exposure inputs and native artificial-star scenes; a stacked single F606W image is not an input-equivalent DOLPHOT/ALLFRAME experiment.
HST/ACS single-F606W controlled,ngc6752,crowdsource,crowdsource joint multiband,external pipeline,input_incompatible_not_ranked,not run,interface/scope audit,,,,,,,,,,Requires matched multi-band images and a joint-band source model; this matrix uses a single F606W stack or a CSST chip.
HST/ACS single-F606W controlled,ngc6752,euclid_vvv,Euclid/VVV full workflow,external pipeline,input_incompatible_not_ranked,not run,interface/scope audit,,,,,,,,,,"Requires instrument-specific distortion, dithers and/or multi-epoch local transformations unavailable in this matched protocol."
HST/ACS single-F606W controlled,ngc6752,csst_psfnet,CSST-PSFNet,external PSF model,input_incompatible_not_ranked,not run,interface/scope audit,,,,,,,,,,"Requires labelled 32x32 stellar stamps, PSF labels and a checkpoint/training protocol; available CSST FITS lacks the required labelled extensions."
HST/ACS single-F606W controlled,ngc1851,astrocfr_rf,AstroCFR RF candidate branch,v45 branch,protocol_excluded_no_hst_supervised_adaptation,not run,availability audit,,,,,,,,,,"Protocol-excluded, not a failed RF result: the released RF is trained on CSST simulated-truth labels with CSST-specific feature normalisation and thresholding. Direct HST transfer is unvalidated; retraining on the ACSGGCT evaluation catalogue would be a separate supervised target-adaptation experiment requiring a pre-registered cross-field or held-out-field design."
HST/ACS single-F606W controlled,ngc1851,dolphot,DOLPHOT/ALLFRAME-class multi-exposure,external pipeline,input_incompatible_not_ranked,not run,interface/scope audit,,,,,,,,,,Requires homogeneous calibrated multi-exposure inputs and native artificial-star scenes; a stacked single F606W image is not an input-equivalent DOLPHOT/ALLFRAME experiment.
HST/ACS single-F606W controlled,ngc1851,crowdsource,crowdsource joint multiband,external pipeline,input_incompatible_not_ranked,not run,interface/scope audit,,,,,,,,,,Requires matched multi-band images and a joint-band source model; this matrix uses a single F606W stack or a CSST chip.
HST/ACS single-F606W controlled,ngc1851,euclid_vvv,Euclid/VVV full workflow,external pipeline,input_incompatible_not_ranked,not run,interface/scope audit,,,,,,,,,,"Requires instrument-specific distortion, dithers and/or multi-epoch local transformations unavailable in this matched protocol."
HST/ACS single-F606W controlled,ngc1851,csst_psfnet,CSST-PSFNet,external PSF model,input_incompatible_not_ranked,not run,interface/scope audit,,,,,,,,,,"Requires labelled 32x32 stellar stamps, PSF labels and a checkpoint/training protocol; available CSST FITS lacks the required labelled extensions."
CSST-like full-frame registered simulation,chip12,dao,DAOStarFinder,single-image baseline,not_archived_in_registered_protocol,not run,availability audit,,,,,,,,,,No directly aligned full-frame registered result is archived for this method.
CSST-like full-frame registered simulation,chip12,sep,SEP/SExtractor-style,single-image baseline,registered_audit_result,full 9232x9216 frame; supplied-catalogue evaluation,tools/build_manuscript_v42_closed_book_scope.py,,supplied_catalogue_recovery,91.600,,,32.8000,0.40600,,,Registered calibrated SExtractor audit; not a newly rerun 15-field baseline.
CSST-like full-frame registered simulation,chip12,photutils_psf,Photutils PSFPhotometry,single-image baseline,not_archived_in_registered_protocol,not run,availability audit,,,,,,,,,,No directly aligned full-frame registered result is archived for this method.
CSST-like full-frame registered simulation,chip12,astrocfr_rf,AstroCFR RF candidate branch,v45 branch,not_separately_archived,not run,availability audit,,,,,,,,,,No separately aligned RF-only full-frame registered metric is archived.
CSST-like full-frame registered simulation,chip12,astrocfr_epsf_deblend,AstroCFR ePSF + residual deblend,v45 branch,registered_audit_result,full 9232x9216 frame; supplied-catalogue evaluation,tools/build_manuscript_v42_closed_book_scope.py,,supplied_catalogue_recovery,96.900,,,17.2000,0.05960,,,Registered AstroCFR result; do not mix with older central-crop blind-test outputs.
CSST-like full-frame registered simulation,chip12,astrocfr_spatial_epsf_joint,AstroCFR spatial-ePSF joint,v45 branch,not_archived_in_registered_protocol,not run,availability audit,,,,,,,,,,No directly aligned full-frame registered result is archived for this method.
CSST-like full-frame registered simulation,chip12,astrocfr_photutils_hybrid,AstroCFR+Photutils hybrid,v45 ablation,not_archived_in_registered_protocol,not run,availability audit,,,,,,,,,,No directly aligned full-frame registered result is archived for this method.
CSST-like full-frame registered simulation,chip12,global_epsf_joint,Global empirical ePSF + neighbour joint,literature mapping: effective-PSF ablation (Libralato et al. 2024),not_archived_in_registered_protocol,not run,availability audit,,,,,,,,,,No directly aligned full-frame registered result is archived for this method.
CSST-like full-frame registered simulation,chip12,three_gaussian_dpsf_joint,Three-Gaussian dPSF + neighbour joint,literature mapping: discrete-PSF approximation (Nie et al. 2025),not_archived_in_registered_protocol,not run,availability audit,,,,,,,,,,No directly aligned full-frame registered result is archived for this method.
CSST-like full-frame registered simulation,chip12,spatial_epsf_joint,Spatial empirical ePSF + neighbour joint,literature-mapped spatial ePSF control,not_archived_in_registered_protocol,not run,availability audit,,,,,,,,,,No directly aligned full-frame registered result is archived for this method.
CSST-like full-frame registered simulation,chip12,dolphot,DOLPHOT/ALLFRAME-class multi-exposure,external pipeline,input_incompatible_not_ranked,not run,interface/scope audit,,,,,,,,,,Requires homogeneous calibrated multi-exposure inputs and native artificial-star scenes; a stacked single F606W image is not an input-equivalent DOLPHOT/ALLFRAME experiment.
CSST-like full-frame registered simulation,chip12,crowdsource,crowdsource joint multiband,external pipeline,input_incompatible_not_ranked,not run,interface/scope audit,,,,,,,,,,Requires matched multi-band images and a joint-band source model; this matrix uses a single F606W stack or a CSST chip.
CSST-like full-frame registered simulation,chip12,euclid_vvv,Euclid/VVV full workflow,external pipeline,input_incompatible_not_ranked,not run,interface/scope audit,,,,,,,,,,"Requires instrument-specific distortion, dithers and/or multi-epoch local transformations unavailable in this matched protocol."
CSST-like full-frame registered simulation,chip12,csst_psfnet,CSST-PSFNet,external PSF model,input_incompatible_not_ranked,not run,interface/scope audit,,,,,,,,,,"Requires labelled 32x32 stellar stamps, PSF labels and a checkpoint/training protocol; available CSST FITS lacks the required labelled extensions."
CSST-like full-frame registered simulation,chip13,dao,DAOStarFinder,single-image baseline,not_archived_in_registered_protocol,not run,availability audit,,,,,,,,,,No directly aligned full-frame registered result is archived for this method.
CSST-like full-frame registered simulation,chip13,sep,SEP/SExtractor-style,single-image baseline,registered_audit_result,full 9232x9216 frame; supplied-catalogue evaluation,tools/build_manuscript_v42_closed_book_scope.py,,supplied_catalogue_recovery,87.600,,,25.5000,0.49700,,,Registered calibrated SExtractor audit; not a newly rerun 15-field baseline.
CSST-like full-frame registered simulation,chip13,photutils_psf,Photutils PSFPhotometry,single-image baseline,not_archived_in_registered_protocol,not run,availability audit,,,,,,,,,,No directly aligned full-frame registered result is archived for this method.
CSST-like full-frame registered simulation,chip13,astrocfr_rf,AstroCFR RF candidate branch,v45 branch,not_separately_archived,not run,availability audit,,,,,,,,,,No separately aligned RF-only full-frame registered metric is archived.
CSST-like full-frame registered simulation,chip13,astrocfr_epsf_deblend,AstroCFR ePSF + residual deblend,v45 branch,registered_audit_result,full 9232x9216 frame; supplied-catalogue evaluation,tools/build_manuscript_v42_closed_book_scope.py,,supplied_catalogue_recovery,93.100,,,8.2000,0.05750,,,Registered AstroCFR result; do not mix with older central-crop blind-test outputs.
CSST-like full-frame registered simulation,chip13,astrocfr_spatial_epsf_joint,AstroCFR spatial-ePSF joint,v45 branch,not_archived_in_registered_protocol,not run,availability audit,,,,,,,,,,No directly aligned full-frame registered result is archived for this method.
CSST-like full-frame registered simulation,chip13,astrocfr_photutils_hybrid,AstroCFR+Photutils hybrid,v45 ablation,not_archived_in_registered_protocol,not run,availability audit,,,,,,,,,,No directly aligned full-frame registered result is archived for this method.
CSST-like full-frame registered simulation,chip13,global_epsf_joint,Global empirical ePSF + neighbour joint,literature mapping: effective-PSF ablation (Libralato et al. 2024),not_archived_in_registered_protocol,not run,availability audit,,,,,,,,,,No directly aligned full-frame registered result is archived for this method.
CSST-like full-frame registered simulation,chip13,three_gaussian_dpsf_joint,Three-Gaussian dPSF + neighbour joint,literature mapping: discrete-PSF approximation (Nie et al. 2025),not_archived_in_registered_protocol,not run,availability audit,,,,,,,,,,No directly aligned full-frame registered result is archived for this method.
CSST-like full-frame registered simulation,chip13,spatial_epsf_joint,Spatial empirical ePSF + neighbour joint,literature-mapped spatial ePSF control,not_archived_in_registered_protocol,not run,availability audit,,,,,,,,,,No directly aligned full-frame registered result is archived for this method.
CSST-like full-frame registered simulation,chip13,dolphot,DOLPHOT/ALLFRAME-class multi-exposure,external pipeline,input_incompatible_not_ranked,not run,interface/scope audit,,,,,,,,,,Requires homogeneous calibrated multi-exposure inputs and native artificial-star scenes; a stacked single F606W image is not an input-equivalent DOLPHOT/ALLFRAME experiment.
CSST-like full-frame registered simulation,chip13,crowdsource,crowdsource joint multiband,external pipeline,input_incompatible_not_ranked,not run,interface/scope audit,,,,,,,,,,Requires matched multi-band images and a joint-band source model; this matrix uses a single F606W stack or a CSST chip.
CSST-like full-frame registered simulation,chip13,euclid_vvv,Euclid/VVV full workflow,external pipeline,input_incompatible_not_ranked,not run,interface/scope audit,,,,,,,,,,"Requires instrument-specific distortion, dithers and/or multi-epoch local transformations unavailable in this matched protocol."
CSST-like full-frame registered simulation,chip13,csst_psfnet,CSST-PSFNet,external PSF model,input_incompatible_not_ranked,not run,interface/scope audit,,,,,,,,,,"Requires labelled 32x32 stellar stamps, PSF labels and a checkpoint/training protocol; available CSST FITS lacks the required labelled extensions."
CSST-like full-frame registered simulation,chip17,dao,DAOStarFinder,single-image baseline,not_archived_in_registered_protocol,not run,availability audit,,,,,,,,,,No directly aligned full-frame registered result is archived for this method.
CSST-like full-frame registered simulation,chip17,sep,SEP/SExtractor-style,single-image baseline,registered_audit_result,full 9232x9216 frame; supplied-catalogue evaluation,tools/build_manuscript_v42_closed_book_scope.py,,supplied_catalogue_recovery,89.100,,,20.2000,0.25000,,,Registered calibrated SExtractor audit; not a newly rerun 15-field baseline.
CSST-like full-frame registered simulation,chip17,photutils_psf,Photutils PSFPhotometry,single-image baseline,not_archived_in_registered_protocol,not run,availability audit,,,,,,,,,,No directly aligned full-frame registered result is archived for this method.
CSST-like full-frame registered simulation,chip17,astrocfr_rf,AstroCFR RF candidate branch,v45 branch,not_separately_archived,not run,availability audit,,,,,,,,,,No separately aligned RF-only full-frame registered metric is archived.
CSST-like full-frame registered simulation,chip17,astrocfr_epsf_deblend,AstroCFR ePSF + residual deblend,v45 branch,registered_audit_result,full 9232x9216 frame; supplied-catalogue evaluation,tools/build_manuscript_v42_closed_book_scope.py,,supplied_catalogue_recovery,96.400,,,9.1000,0.08020,,,Registered AstroCFR result; do not mix with older central-crop blind-test outputs.
CSST-like full-frame registered simulation,chip17,astrocfr_spatial_epsf_joint,AstroCFR spatial-ePSF joint,v45 branch,not_archived_in_registered_protocol,not run,availability audit,,,,,,,,,,No directly aligned full-frame registered result is archived for this method.
CSST-like full-frame registered simulation,chip17,astrocfr_photutils_hybrid,AstroCFR+Photutils hybrid,v45 ablation,not_archived_in_registered_protocol,not run,availability audit,,,,,,,,,,No directly aligned full-frame registered result is archived for this method.
CSST-like full-frame registered simulation,chip17,global_epsf_joint,Global empirical ePSF + neighbour joint,literature mapping: effective-PSF ablation (Libralato et al. 2024),not_archived_in_registered_protocol,not run,availability audit,,,,,,,,,,No directly aligned full-frame registered result is archived for this method.
CSST-like full-frame registered simulation,chip17,three_gaussian_dpsf_joint,Three-Gaussian dPSF + neighbour joint,literature mapping: discrete-PSF approximation (Nie et al. 2025),not_archived_in_registered_protocol,not run,availability audit,,,,,,,,,,No directly aligned full-frame registered result is archived for this method.
CSST-like full-frame registered simulation,chip17,spatial_epsf_joint,Spatial empirical ePSF + neighbour joint,literature-mapped spatial ePSF control,not_archived_in_registered_protocol,not run,availability audit,,,,,,,,,,No directly aligned full-frame registered result is archived for this method.
CSST-like full-frame registered simulation,chip17,dolphot,DOLPHOT/ALLFRAME-class multi-exposure,external pipeline,input_incompatible_not_ranked,not run,interface/scope audit,,,,,,,,,,Requires homogeneous calibrated multi-exposure inputs and native artificial-star scenes; a stacked single F606W image is not an input-equivalent DOLPHOT/ALLFRAME experiment.
CSST-like full-frame registered simulation,chip17,crowdsource,crowdsource joint multiband,external pipeline,input_incompatible_not_ranked,not run,interface/scope audit,,,,,,,,,,Requires matched multi-band images and a joint-band source model; this matrix uses a single F606W stack or a CSST chip.
CSST-like full-frame registered simulation,chip17,euclid_vvv,Euclid/VVV full workflow,external pipeline,input_incompatible_not_ranked,not run,interface/scope audit,,,,,,,,,,"Requires instrument-specific distortion, dithers and/or multi-epoch local transformations unavailable in this matched protocol."
CSST-like full-frame registered simulation,chip17,csst_psfnet,CSST-PSFNet,external PSF model,input_incompatible_not_ranked,not run,interface/scope audit,,,,,,,,,,"Requires labelled 32x32 stellar stamps, PSF labels and a checkpoint/training protocol; available CSST FITS lacks the required labelled extensions."
CSST-like full-frame registered simulation,chip18,dao,DAOStarFinder,single-image baseline,not_archived_in_registered_protocol,not run,availability audit,,,,,,,,,,No directly aligned full-frame registered result is archived for this method.
CSST-like full-frame registered simulation,chip18,sep,SEP/SExtractor-style,single-image baseline,registered_audit_result,full 9232x9216 frame; supplied-catalogue evaluation,tools/build_manuscript_v42_closed_book_scope.py,,supplied_catalogue_recovery,83.700,,,23.0000,0.39200,,,Registered calibrated SExtractor audit; not a newly rerun 15-field baseline.
CSST-like full-frame registered simulation,chip18,photutils_psf,Photutils PSFPhotometry,single-image baseline,not_archived_in_registered_protocol,not run,availability audit,,,,,,,,,,No directly aligned full-frame registered result is archived for this method.
CSST-like full-frame registered simulation,chip18,astrocfr_rf,AstroCFR RF candidate branch,v45 branch,not_separately_archived,not run,availability audit,,,,,,,,,,No separately aligned RF-only full-frame registered metric is archived.
CSST-like full-frame registered simulation,chip18,astrocfr_epsf_deblend,AstroCFR ePSF + residual deblend,v45 branch,registered_audit_result,full 9232x9216 frame; supplied-catalogue evaluation,tools/build_manuscript_v42_closed_book_scope.py,,supplied_catalogue_recovery,91.800,,,8.8000,0.06840,,,Registered AstroCFR result; do not mix with older central-crop blind-test outputs.
CSST-like full-frame registered simulation,chip18,astrocfr_spatial_epsf_joint,AstroCFR spatial-ePSF joint,v45 branch,not_archived_in_registered_protocol,not run,availability audit,,,,,,,,,,No directly aligned full-frame registered result is archived for this method.
CSST-like full-frame registered simulation,chip18,astrocfr_photutils_hybrid,AstroCFR+Photutils hybrid,v45 ablation,not_archived_in_registered_protocol,not run,availability audit,,,,,,,,,,No directly aligned full-frame registered result is archived for this method.
CSST-like full-frame registered simulation,chip18,global_epsf_joint,Global empirical ePSF + neighbour joint,literature mapping: effective-PSF ablation (Libralato et al. 2024),not_archived_in_registered_protocol,not run,availability audit,,,,,,,,,,No directly aligned full-frame registered result is archived for this method.
CSST-like full-frame registered simulation,chip18,three_gaussian_dpsf_joint,Three-Gaussian dPSF + neighbour joint,literature mapping: discrete-PSF approximation (Nie et al. 2025),not_archived_in_registered_protocol,not run,availability audit,,,,,,,,,,No directly aligned full-frame registered result is archived for this method.
CSST-like full-frame registered simulation,chip18,spatial_epsf_joint,Spatial empirical ePSF + neighbour joint,literature-mapped spatial ePSF control,not_archived_in_registered_protocol,not run,availability audit,,,,,,,,,,No directly aligned full-frame registered result is archived for this method.
CSST-like full-frame registered simulation,chip18,dolphot,DOLPHOT/ALLFRAME-class multi-exposure,external pipeline,input_incompatible_not_ranked,not run,interface/scope audit,,,,,,,,,,Requires homogeneous calibrated multi-exposure inputs and native artificial-star scenes; a stacked single F606W image is not an input-equivalent DOLPHOT/ALLFRAME experiment.
CSST-like full-frame registered simulation,chip18,crowdsource,crowdsource joint multiband,external pipeline,input_incompatible_not_ranked,not run,interface/scope audit,,,,,,,,,,Requires matched multi-band images and a joint-band source model; this matrix uses a single F606W stack or a CSST chip.
CSST-like full-frame registered simulation,chip18,euclid_vvv,Euclid/VVV full workflow,external pipeline,input_incompatible_not_ranked,not run,interface/scope audit,,,,,,,,,,"Requires instrument-specific distortion, dithers and/or multi-epoch local transformations unavailable in this matched protocol."
CSST-like full-frame registered simulation,chip18,csst_psfnet,CSST-PSFNet,external PSF model,input_incompatible_not_ranked,not run,interface/scope audit,,,,,,,,,,"Requires labelled 32x32 stellar stamps, PSF labels and a checkpoint/training protocol; available CSST FITS lacks the required labelled extensions."
