astrometric_retained_n,astrometric_rms_mas,astrometric_rms_px,candidates,cluster,dense_reference_test_n,global_epsf_stamps,initial_proposals,matched_non_test_n,matched_test_dense_n,method,mge,photometric_retained_n,photometric_rms_mag,photometric_zero_point,residual_candidates_added,runtime_s,status
303,49.169694582885384,0.9833938916577076,12664,ngc2808,2728,80,10364,1440,303,global_epsf_joint,,298,1.649711679379938,32.174329945775824,2500,57.10045729999547,ok
302,49.161606895532366,0.9832321379106473,12645,ngc2808,2728,80,10364,1437,302,three_gaussian_dpsf_joint,"{'gaussian_sigmas_px': [0.55, 1.2, 2.8], 'gaussian_weights': [0.020110502541408663, 0.1036824264238658, 0.0]}",297,1.6492709369160656,32.16168497432966,2500,64.96602500000154,ok
305,49.40131574568837,0.9880263149137675,12673,ngc2808,2728,80,10364,1427,305,spatial_epsf_joint,,301,1.623644065343955,32.15988499620873,2500,89.4173829999927,ok
928,4.060947358649891,0.08121894717299782,11361,ngc5286,1202,80,9063,6552,1075,global_epsf_joint,,998,0.12836751402802596,32.722951914350716,2500,49.347716699994635,ok
925,3.8937828208501246,0.07787565641700249,11360,ngc5286,1202,80,9063,6552,1075,three_gaussian_dpsf_joint,"{'gaussian_sigmas_px': [0.55, 1.2, 2.8], 'gaussian_weights': [0.0, 0.09902841496219549, 0.0021047655306237483]}",1001,0.13090178825455287,32.72628422786406,2500,50.2533800000092,ok
931,3.1548773689496734,0.06309754737899347,11476,ngc5286,1202,80,9063,6563,1077,spatial_epsf_joint,,993,0.12365852693053574,32.674851132682335,2500,66.10568549999152,ok
904,4.203821401723308,0.08407642803446616,14304,ngc6388,1275,80,12013,7415,1027,global_epsf_joint,,970,0.14990733308463317,32.49851206718988,2500,58.205019999993965,ok
909,4.4289573268583595,0.08857914653716718,14276,ngc6388,1275,80,12013,7415,1027,three_gaussian_dpsf_joint,"{'gaussian_sigmas_px': [0.55, 1.2, 2.8], 'gaussian_weights': [0.05145288316500088, 0.09772167316862107, 0.0]}",970,0.15138105787684325,32.4831989772722,2500,65.6718361999956,ok
909,4.2542236453403826,0.08508447290680765,14265,ngc6388,1275,80,12013,7394,1027,spatial_epsf_joint,,973,0.14995167664063808,32.51041554804509,2500,92.50273840001319,ok
665,4.344597052330719,0.08689194104661437,13840,ngc6441,899,80,11770,7393,754,global_epsf_joint,,696,0.16534086971534065,32.63566927337152,2500,66.5700895000191,ok
687,4.26239165473262,0.0852478330946524,13868,ngc6441,899,80,11770,7393,754,three_gaussian_dpsf_joint,"{'gaussian_sigmas_px': [0.55, 1.2, 2.8], 'gaussian_weights': [0.0, 0.09109078261207569, 0.00420705285012349]}",694,0.17325589150586362,32.68399045034896,2500,78.87890109998989,ok
660,3.1751888456355113,0.06350377691271022,14031,ngc6441,899,80,11770,7387,756,spatial_epsf_joint,,663,0.1477024522729809,32.562184271854356,2500,97.0060516000085,ok
1966,2.5199653297986995,0.05039930659597399,12003,ngc0104,3434,80,9619,7035,2356,global_epsf_joint,,2081,0.08614833065568567,30.553919548069004,2500,49.38615950001986,ok
1966,2.6887398734311416,0.053774797468622834,12001,ngc0104,3434,80,9619,7035,2356,three_gaussian_dpsf_joint,"{'gaussian_sigmas_px': [0.55, 1.2, 2.8], 'gaussian_weights': [0.026796816405973433, 0.09963016335678744, 0.0004205596921609155]}",2067,0.08281691012939287,30.52484346223025,2500,57.34447309997631,ok
1974,2.199926177084719,0.043998523541694375,12017,ngc0104,3434,80,9619,7032,2356,spatial_epsf_joint,,2117,0.08986315291389249,30.536035785775862,2500,70.28008820000105,ok
1261,3.5823593011182404,0.0716471860223648,8085,ngc0362,1958,80,6243,4655,1466,global_epsf_joint,,1291,0.10435139259092087,31.704130245715554,1934,33.11100079998141,ok
1264,3.6617440372508443,0.07323488074501688,8088,ngc0362,1958,80,6243,4658,1465,three_gaussian_dpsf_joint,"{'gaussian_sigmas_px': [0.55, 1.2, 2.8], 'gaussian_weights': [0.014904235377373487, 0.09554110220589443, 0.0019438675343757606]}",1290,0.10472053092182104,31.689205024713104,1934,36.28015000000596,ok
1264,2.986614492497282,0.059732289849945636,8127,ngc0362,1958,80,6243,4657,1466,spatial_epsf_joint,,1299,0.10016733073421764,31.667773525149457,1934,48.32589129998814,ok
962,3.024952267614198,0.06049904535228397,8870,ngc6093,1256,80,6558,5002,1124,global_epsf_joint,,1007,0.11886001338012656,32.577274838040985,2380,36.74429149998468,ok
974,3.304743149101894,0.06609486298203789,8867,ngc6093,1256,80,6558,5002,1124,three_gaussian_dpsf_joint,"{'gaussian_sigmas_px': [0.55, 1.2, 2.8], 'gaussian_weights': [0.05119239443854374, 0.09678541397288558, 0.0]}",1001,0.11642807309997696,32.55161041783131,2380,37.92957460001344,ok
956,2.8081047023996666,0.056162094047993334,8874,ngc6093,1256,80,6558,5002,1124,spatial_epsf_joint,,996,0.11311074709640047,32.571795762539296,2380,54.37204719998408,ok
435,1.9894233373263708,0.03978846674652742,6790,ngc6624,563,80,5302,4009,523,global_epsf_joint,,465,0.08005867848856257,32.627999524502606,1533,24.02129970001988,ok
435,2.147350268134057,0.04294700536268114,6786,ngc6624,563,80,5302,4010,523,three_gaussian_dpsf_joint,"{'gaussian_sigmas_px': [0.55, 1.2, 2.8], 'gaussian_weights': [0.05374984755314256, 0.09545217152524338, 3.9185221979966755e-05]}",456,0.07580805062078881,32.59657658940588,1533,25.897692099999404,ok
434,1.923910736145166,0.03847821472290332,6760,ngc6624,563,80,5302,4008,524,spatial_epsf_joint,,468,0.08096917796102918,32.663911250390456,1533,40.120971099997405,ok
,,,3087,ngc6397,5,80,2555,1321,3,global_epsf_joint,,,,,634,13.133846799988532,insufficient matched train or high-density test stars
,,,3090,ngc6397,5,80,2555,1321,3,three_gaussian_dpsf_joint,"{'gaussian_sigmas_px': [0.55, 1.2, 2.8], 'gaussian_weights': [0.04589726651391805, 0.08987947191533241, 0.0017687168178257629]}",,,,634,14.07939929998247,insufficient matched train or high-density test stars
,,,3078,ngc6397,5,80,2555,1320,3,spatial_epsf_joint,,,,,634,19.269235600018874,insufficient matched train or high-density test stars
308,1.6129065237471067,0.03225813047494214,7363,ngc6752,419,80,5824,4148,361,global_epsf_joint,,324,0.06109345725386693,30.123089007177754,1666,28.232294899993576,ok
314,1.865212264136837,0.03730424528273674,7363,ngc6752,419,80,5824,4149,361,three_gaussian_dpsf_joint,"{'gaussian_sigmas_px': [0.55, 1.2, 2.8], 'gaussian_weights': [0.046295896544459536, 0.09139905019811227, 0.0014083971878759225]}",320,0.05810362709746826,30.105239141765637,1666,29.489045099995565,ok
301,1.3898711893083278,0.027797423786166554,7348,ngc6752,419,80,5824,4142,360,spatial_epsf_joint,,315,0.05091443429762855,30.121955448728784,1666,35.79513320000842,ok
958,4.271280738804633,0.08542561477609267,6740,ngc1851,1318,80,5316,3693,1090,global_epsf_joint,,956,0.13652117197667005,32.69909688253158,1520,28.782475899992278,ok
956,4.284283492178917,0.08568566984357832,6733,ngc1851,1318,80,5316,3691,1089,three_gaussian_dpsf_joint,"{'gaussian_sigmas_px': [0.55, 1.2, 2.8], 'gaussian_weights': [0.0, 0.0998657011725, 0.001802442960965407]}",959,0.1377049435038879,32.68825430344755,1520,30.13623090001056,ok
935,2.6992050549301343,0.05398410109860269,6791,ngc1851,1318,80,5316,3692,1094,spatial_epsf_joint,,952,0.12293052694041554,32.61432298345187,1520,42.415174800000386,ok
